"Step","decent-capybara-1 - train_accuracy","decent-capybara-1 - train_accuracy__MIN","decent-capybara-1 - train_accuracy__MAX","decent-capybara-1 - val_accuracy","decent-capybara-1 - val_accuracy__MIN","decent-capybara-1 - val_accuracy__MAX"
"1","0.5291891891891892","0.5291891891891892","0.5291891891891892","0.53","0.53","0.53"
"3","0.5343243243243242","0.5343243243243242","0.5343243243243242","0.5500000000000004","0.5500000000000004","0.5500000000000004"
"5","0.5318918918918919","0.5318918918918919","0.5318918918918919","0.53","0.53","0.53"
"7","0.5370270270270271","0.5370270270270271","0.5370270270270271","0.5100000000000001","0.5100000000000001","0.5100000000000001"
"9","0.5413513513513514","0.5413513513513514","0.5413513513513514","0.5","0.5","0.5"
"11","0.5421621621621622","0.5421621621621622","0.5421621621621622","0.5100000000000001","0.5100000000000001","0.5100000000000001"
"13","0.5462162162162164","0.5462162162162164","0.5462162162162164","0.5100000000000001","0.5100000000000001","0.5100000000000001"
"15","0.5472972972972973","0.5472972972972973","0.5472972972972973","0.5100000000000001","0.5100000000000001","0.5100000000000001"
"17","0.5513513513513515","0.5513513513513515","0.5513513513513515","0.5199999999999997","0.5199999999999997","0.5199999999999997"
"19","0.5543243243243243","0.5543243243243243","0.5543243243243243","0.5500000000000004","0.5500000000000004","0.5500000000000004"
"21","0.5589189189189189","0.5589189189189189","0.5589189189189189","0.5399999999999995","0.5399999999999995","0.5399999999999995"
"23","0.5618918918918919","0.5618918918918919","0.5618918918918919","0.5799999999999995","0.5799999999999995","0.5799999999999995"
"25","0.5608108108108107","0.5608108108108107","0.5608108108108107","0.6099999999999998","0.6099999999999998","0.6099999999999998"
"27","0.5629729729729729","0.5629729729729729","0.5629729729729729","0.6099999999999998","0.6099999999999998","0.6099999999999998"
"29","0.5648648648648649","0.5648648648648649","0.5648648648648649","0.62","0.62","0.62"
"31","0.562972972972973","0.562972972972973","0.562972972972973","0.62","0.62","0.62"
"33","0.5637837837837839","0.5637837837837839","0.5637837837837839","0.6099999999999998","0.6099999999999998","0.6099999999999998"
"35","0.5708108108108109","0.5708108108108109","0.5708108108108109","0.59","0.59","0.59"
"37","0.5681081081081082","0.5681081081081082","0.5681081081081082","0.6099999999999998","0.6099999999999998","0.6099999999999998"
"39","0.5672972972972973","0.5672972972972973","0.5672972972972973","0.6099999999999998","0.6099999999999998","0.6099999999999998"
"41","0.5705405405405406","0.5705405405405406","0.5705405405405406","0.6000000000000003","0.6000000000000003","0.6000000000000003"
"43","0.574864864864865","0.574864864864865","0.574864864864865","0.6000000000000003","0.6000000000000003","0.6000000000000003"
"45","0.5643243243243242","0.5643243243243242","0.5643243243243242","0.5799999999999995","0.5799999999999995","0.5799999999999995"
"47","0.5737837837837838","0.5737837837837838","0.5737837837837838","0.5799999999999995","0.5799999999999995","0.5799999999999995"
"49","0.5732432432432434","0.5732432432432434","0.5732432432432434","0.5700000000000002","0.5700000000000002","0.5700000000000002"
"51","0.5764864864864864","0.5764864864864864","0.5764864864864864","0.5799999999999995","0.5799999999999995","0.5799999999999995"
"53","0.5721621621621622","0.5721621621621622","0.5721621621621622","0.59","0.59","0.59"
"55","0.5727027027027026","0.5727027027027026","0.5727027027027026","0.59","0.59","0.59"
"57","0.579189189189189","0.579189189189189","0.579189189189189","0.59","0.59","0.59"
"59","0.576216216216216","0.576216216216216","0.576216216216216","0.6099999999999998","0.6099999999999998","0.6099999999999998"
"61","0.5697297297297297","0.5697297297297297","0.5697297297297297","0.5799999999999995","0.5799999999999995","0.5799999999999995"
"63","0.5732432432432433","0.5732432432432433","0.5732432432432433","0.5799999999999995","0.5799999999999995","0.5799999999999995"
"65","0.569189189189189","0.569189189189189","0.569189189189189","0.62","0.62","0.62"
"67","0.5821621621621621","0.5821621621621621","0.5821621621621621","0.62","0.62","0.62"
"69","0.5754054054054055","0.5754054054054055","0.5754054054054055","0.62","0.62","0.62"
"71","0.5794594594594592","0.5794594594594592","0.5794594594594592","0.63","0.63","0.63"
"73","0.5832432432432432","0.5832432432432432","0.5832432432432432","0.63","0.63","0.63"
"75","0.5802702702702702","0.5802702702702702","0.5802702702702702","0.6400000000000002","0.6400000000000002","0.6400000000000002"
"77","0.5818918918918919","0.5818918918918919","0.5818918918918919","0.62","0.62","0.62"
"79","0.5805405405405406","0.5805405405405406","0.5805405405405406","0.6000000000000003","0.6000000000000003","0.6000000000000003"
"81","0.5827027027027025","0.5827027027027025","0.5827027027027025","0.6099999999999998","0.6099999999999998","0.6099999999999998"
"83","0.5827027027027029","0.5827027027027029","0.5827027027027029","0.6099999999999998","0.6099999999999998","0.6099999999999998"
"85","0.585135135135135","0.585135135135135","0.585135135135135","0.6000000000000003","0.6000000000000003","0.6000000000000003"
"87","0.5770270270270268","0.5770270270270268","0.5770270270270268","0.62","0.62","0.62"
"89","0.587027027027027","0.587027027027027","0.587027027027027","0.62","0.62","0.62"
"91","0.5832432432432431","0.5832432432432431","0.5832432432432431","0.62","0.62","0.62"
"93","0.5886486486486486","0.5886486486486486","0.5886486486486486","0.5799999999999995","0.5799999999999995","0.5799999999999995"
"95","0.5837837837837838","0.5837837837837838","0.5837837837837838","0.59","0.59","0.59"
"97","0.5845945945945946","0.5845945945945946","0.5845945945945946","0.6000000000000003","0.6000000000000003","0.6000000000000003"
"99","0.5856756756756758","0.5856756756756758","0.5856756756756758","0.6400000000000002","0.6400000000000002","0.6400000000000002"
"101","0.5910810810810811","0.5910810810810811","0.5910810810810811","0.66","0.66","0.66"
"103","0.5940540540540542","0.5940540540540542","0.5940540540540542","0.66","0.66","0.66"
"105","0.5927027027027026","0.5927027027027026","0.5927027027027026","0.66","0.66","0.66"
"107","0.5918918918918918","0.5918918918918918","0.5918918918918918","0.6499999999999997","0.6499999999999997","0.6499999999999997"
"109","0.6008108108108108","0.6008108108108108","0.6008108108108108","0.66","0.66","0.66"
"111","0.6013513513513513","0.6013513513513513","0.6013513513513513","0.66","0.66","0.66"
"113","0.5967567567567569","0.5967567567567569","0.5967567567567569","0.66","0.66","0.66"
"115","0.6024324324324323","0.6024324324324323","0.6024324324324323","0.66","0.66","0.66"
"117","0.5940540540540541","0.5940540540540541","0.5940540540540541","0.66","0.66","0.66"
"119","0.6000000000000001","0.6000000000000001","0.6000000000000001","0.6499999999999997","0.6499999999999997","0.6499999999999997"
"121","0.5981081081081082","0.5981081081081082","0.5981081081081082","0.6700000000000006","0.6700000000000006","0.6700000000000006"
"123","0.6048648648648649","0.6048648648648649","0.6048648648648649","0.6700000000000006","0.6700000000000006","0.6700000000000006"
"125","0.6059459459459459","0.6059459459459459","0.6059459459459459","0.6799999999999998","0.6799999999999998","0.6799999999999998"
"127","0.6086486486486486","0.6086486486486486","0.6086486486486486","0.6799999999999998","0.6799999999999998","0.6799999999999998"
"129","0.6097297297297297","0.6097297297297297","0.6097297297297297","0.6700000000000006","0.6700000000000006","0.6700000000000006"
"131","0.6227027027027028","0.6227027027027028","0.6227027027027028","0.6999999999999996","0.6999999999999996","0.6999999999999996"
"133","0.6137837837837838","0.6137837837837838","0.6137837837837838","0.6900000000000002","0.6900000000000002","0.6900000000000002"
"135","0.626216216216216","0.626216216216216","0.626216216216216","0.6999999999999996","0.6999999999999996","0.6999999999999996"
"137","0.6216216216216217","0.6216216216216217","0.6216216216216217","0.7100000000000005","0.7100000000000005","0.7100000000000005"
"139","0.6302702702702703","0.6302702702702703","0.6302702702702703","0.7399999999999994","0.7399999999999994","0.7399999999999994"
"141","0.6318918918918919","0.6318918918918919","0.6318918918918919","0.7399999999999994","0.7399999999999994","0.7399999999999994"
"143","0.6351351351351351","0.6351351351351351","0.6351351351351351","0.75","0.75","0.75"
"145","0.6437837837837838","0.6437837837837838","0.6437837837837838","0.7399999999999994","0.7399999999999994","0.7399999999999994"
"147","0.6529729729729733","0.6529729729729733","0.6529729729729733","0.7399999999999994","0.7399999999999994","0.7399999999999994"
"149","0.652972972972973","0.652972972972973","0.652972972972973","0.7199999999999998","0.7199999999999998","0.7199999999999998"
"151","0.6413513513513512","0.6413513513513512","0.6413513513513512","0.7199999999999998","0.7199999999999998","0.7199999999999998"
"153","0.6394594594594596","0.6394594594594596","0.6394594594594596","0.7100000000000005","0.7100000000000005","0.7100000000000005"
"155","0.6589189189189189","0.6589189189189189","0.6589189189189189","0.7300000000000003","0.7300000000000003","0.7300000000000003"
"157","0.6545945945945947","0.6545945945945947","0.6545945945945947","0.75","0.75","0.75"
"159","0.6678378378378377","0.6678378378378377","0.6678378378378377","0.75","0.75","0.75"
"161","0.6664864864864865","0.6664864864864865","0.6664864864864865","0.7699999999999997","0.7699999999999997","0.7699999999999997"
"163","0.676756756756757","0.676756756756757","0.676756756756757","0.7600000000000006","0.7600000000000006","0.7600000000000006"
"165","0.6900000000000002","0.6900000000000002","0.6900000000000002","0.7600000000000006","0.7600000000000006","0.7600000000000006"
"167","0.6854054054054055","0.6854054054054055","0.6854054054054055","0.7600000000000006","0.7600000000000006","0.7600000000000006"
"169","0.691081081081081","0.691081081081081","0.691081081081081","0.8000000000000004","0.8000000000000004","0.8000000000000004"
"171","0.6978378378378377","0.6978378378378377","0.6978378378378377","0.7899999999999995","0.7899999999999995","0.7899999999999995"
"173","0.7070270270270271","0.7070270270270271","0.7070270270270271","0.8200000000000002","0.8200000000000002","0.8200000000000002"
"175","0.7137837837837837","0.7137837837837837","0.7137837837837837","0.8500000000000005","0.8500000000000005","0.8500000000000005"
"177","0.7172972972972975","0.7172972972972975","0.7172972972972975","0.8299999999999992","0.8299999999999992","0.8299999999999992"
"179","0.7137837837837837","0.7137837837837837","0.7137837837837837","0.8299999999999992","0.8299999999999992","0.8299999999999992"
"181","0.7194594594594594","0.7194594594594594","0.7194594594594594","0.8599999999999997","0.8599999999999997","0.8599999999999997"
"183","0.7140540540540539","0.7140540540540539","0.7140540540540539","0.8599999999999997","0.8599999999999997","0.8599999999999997"
"185","0.7283783783783784","0.7283783783783784","0.7283783783783784","0.8700000000000003","0.8700000000000003","0.8700000000000003"
"187","0.7410810810810812","0.7410810810810812","0.7410810810810812","0.8999999999999994","0.8999999999999994","0.8999999999999994"
"189","0.7367567567567566","0.7367567567567566","0.7367567567567566","0.8799999999999997","0.8799999999999997","0.8799999999999997"
"191","0.7391891891891891","0.7391891891891891","0.7391891891891891","0.9200000000000009","0.9200000000000009","0.9200000000000009"
"193","0.7464864864864863","0.7464864864864863","0.7464864864864863","0.8900000000000003","0.8900000000000003","0.8900000000000003"
"195","0.7632432432432432","0.7632432432432432","0.7632432432432432","0.8700000000000003","0.8700000000000003","0.8700000000000003"
"197","0.7721621621621624","0.7721621621621624","0.7721621621621624","0.8700000000000003","0.8700000000000003","0.8700000000000003"
"199","0.7654054054054054","0.7654054054054054","0.7654054054054054","0.8599999999999997","0.8599999999999997","0.8599999999999997"
"201","0.7678378378378379","0.7678378378378379","0.7678378378378379","0.84","0.84","0.84"
"203","0.7827027027027028","0.7827027027027028","0.7827027027027028","0.8700000000000003","0.8700000000000003","0.8700000000000003"
"205","0.7783783783783783","0.7783783783783783","0.7783783783783783","0.8999999999999994","0.8999999999999994","0.8999999999999994"
"207","0.7905405405405405","0.7905405405405405","0.7905405405405405","0.9099999999999998","0.9099999999999998","0.9099999999999998"
"209","0.7875675675675675","0.7875675675675675","0.7875675675675675","0.9299999999999999","0.9299999999999999","0.9299999999999999"
"211","0.7816216216216215","0.7816216216216215","0.7816216216216215","0.9600000000000006","0.9600000000000006","0.9600000000000006"
"213","0.7916216216216215","0.7916216216216215","0.7916216216216215","0.9600000000000006","0.9600000000000006","0.9600000000000006"
"215","0.7905405405405403","0.7905405405405403","0.7905405405405403","0.9600000000000006","0.9600000000000006","0.9600000000000006"
"217","0.7991891891891891","0.7991891891891891","0.7991891891891891","0.9600000000000006","0.9600000000000006","0.9600000000000006"
"219","0.8008108108108107","0.8008108108108107","0.8008108108108107","0.9600000000000006","0.9600000000000006","0.9600000000000006"
"221","0.8086486486486487","0.8086486486486487","0.8086486486486487","0.9600000000000006","0.9600000000000006","0.9600000000000006"
"223","0.8032432432432431","0.8032432432432431","0.8032432432432431","0.98","0.98","0.98"
"225","0.8143243243243241","0.8143243243243241","0.8143243243243241","0.9600000000000006","0.9600000000000006","0.9600000000000006"
"227","0.8281081081081083","0.8281081081081083","0.8281081081081083","0.9699999999999994","0.9699999999999994","0.9699999999999994"
"229","0.8275675675675674","0.8275675675675674","0.8275675675675674","0.9600000000000006","0.9600000000000006","0.9600000000000006"
"231","0.818918918918919","0.818918918918919","0.818918918918919","0.9499999999999997","0.9499999999999997","0.9499999999999997"
"233","0.8154054054054053","0.8154054054054053","0.8154054054054053","0.9499999999999997","0.9499999999999997","0.9499999999999997"
"235","0.8299999999999997","0.8299999999999997","0.8299999999999997","0.9499999999999997","0.9499999999999997","0.9499999999999997"
"237","0.8367567567567566","0.8367567567567566","0.8367567567567566","0.9600000000000006","0.9600000000000006","0.9600000000000006"
"239","0.835135135135135","0.835135135135135","0.835135135135135","0.9699999999999994","0.9699999999999994","0.9699999999999994"
"241","0.827027027027027","0.827027027027027","0.827027027027027","0.9699999999999994","0.9699999999999994","0.9699999999999994"
"243","0.8275675675675676","0.8275675675675676","0.8275675675675676","0.9600000000000006","0.9600000000000006","0.9600000000000006"
"245","0.827027027027027","0.827027027027027","0.827027027027027","0.9600000000000006","0.9600000000000006","0.9600000000000006"
"247","0.8275675675675677","0.8275675675675677","0.8275675675675677","0.9600000000000006","0.9600000000000006","0.9600000000000006"
"249","0.8313513513513513","0.8313513513513513","0.8313513513513513","0.9899999999999997","0.9899999999999997","0.9899999999999997"
"251","0.8381081081081081","0.8381081081081081","0.8381081081081081","0.9600000000000006","0.9600000000000006","0.9600000000000006"
"253","0.8489189189189191","0.8489189189189191","0.8489189189189191","0.9600000000000006","0.9600000000000006","0.9600000000000006"
"255","0.847027027027027","0.847027027027027","0.847027027027027","0.9899999999999997","0.9899999999999997","0.9899999999999997"
"257","0.8416216216216217","0.8416216216216217","0.8416216216216217","0.98","0.98","0.98"
"259","0.8505405405405407","0.8505405405405407","0.8505405405405407","0.9899999999999997","0.9899999999999997","0.9899999999999997"
"261","0.8427027027027026","0.8427027027027026","0.8427027027027026","0.98","0.98","0.98"
"263","0.8483783783783783","0.8483783783783783","0.8483783783783783","1","1","1"
"265","0.821891891891892","0.821891891891892","0.821891891891892","0.9899999999999997","0.9899999999999997","0.9899999999999997"
"267","0.8554054054054052","0.8554054054054052","0.8554054054054052","0.9899999999999997","0.9899999999999997","0.9899999999999997"
"269","0.8578378378378378","0.8578378378378378","0.8578378378378378","1","1","1"
"271","0.8767567567567571","0.8767567567567571","0.8767567567567571","1","1","1"
"273","0.8759459459459459","0.8759459459459459","0.8759459459459459","0.9899999999999997","0.9899999999999997","0.9899999999999997"
"275","0.8535135135135135","0.8535135135135135","0.8535135135135135","0.9899999999999997","0.9899999999999997","0.9899999999999997"
"277","0.8640540540540538","0.8640540540540538","0.8640540540540538","0.98","0.98","0.98"
"279","0.8629729729729729","0.8629729729729729","0.8629729729729729","0.9699999999999994","0.9699999999999994","0.9699999999999994"
"281","0.8605405405405404","0.8605405405405404","0.8605405405405404","0.98","0.98","0.98"
"283","0.8656756756756757","0.8656756756756757","0.8656756756756757","0.9899999999999997","0.9899999999999997","0.9899999999999997"
"285","0.8683783783783785","0.8683783783783785","0.8683783783783785","1","1","1"
"287","0.8754054054054055","0.8754054054054055","0.8754054054054055","0.9899999999999997","0.9899999999999997","0.9899999999999997"
"289","0.8672972972972972","0.8672972972972972","0.8672972972972972","0.9899999999999997","0.9899999999999997","0.9899999999999997"
"291","0.8702702702702702","0.8702702702702702","0.8702702702702702","1","1","1"
"293","0.8827027027027026","0.8827027027027026","0.8827027027027026","0.9899999999999997","0.9899999999999997","0.9899999999999997"
"295","0.8754054054054052","0.8754054054054052","0.8754054054054052","0.98","0.98","0.98"
"297","0.8886486486486489","0.8886486486486489","0.8886486486486489","0.9699999999999994","0.9699999999999994","0.9699999999999994"
"299","0.8802702702702703","0.8802702702702703","0.8802702702702703","0.98","0.98","0.98"
"301","0.8686486486486483","0.8686486486486483","0.8686486486486483","0.98","0.98","0.98"
"303","0.8670270270270269","0.8670270270270269","0.8670270270270269","0.9499999999999997","0.9499999999999997","0.9499999999999997"
"305","0.8616216216216214","0.8616216216216214","0.8616216216216214","0.9899999999999997","0.9899999999999997","0.9899999999999997"
"307","0.8659459459459458","0.8659459459459458","0.8659459459459458","0.9899999999999997","0.9899999999999997","0.9899999999999997"
"309","0.8840540540540539","0.8840540540540539","0.8840540540540539","1","1","1"
"311","0.8681081081081082","0.8681081081081082","0.8681081081081082","0.9699999999999994","0.9699999999999994","0.9699999999999994"
"313","0.881891891891892","0.881891891891892","0.881891891891892","0.9699999999999994","0.9699999999999994","0.9699999999999994"
"315","0.8694594594594595","0.8694594594594595","0.8694594594594595","0.9699999999999994","0.9699999999999994","0.9699999999999994"
"317","0.8983783783783786","0.8983783783783786","0.8983783783783786","0.9899999999999997","0.9899999999999997","0.9899999999999997"
"319","0.8821621621621621","0.8821621621621621","0.8821621621621621","0.9899999999999997","0.9899999999999997","0.9899999999999997"
"321","0.8845945945945947","0.8845945945945947","0.8845945945945947","1","1","1"
"323","0.8905405405405407","0.8905405405405407","0.8905405405405407","1","1","1"
"325","0.8813513513513513","0.8813513513513513","0.8813513513513513","0.9899999999999997","0.9899999999999997","0.9899999999999997"
"327","0.8970270270270272","0.8970270270270272","0.8970270270270272","1","1","1"
"329","0.9032432432432433","0.9032432432432433","0.9032432432432433","1","1","1"
"331","0.9027027027027027","0.9027027027027027","0.9027027027027027","1","1","1"
"333","0.9064864864864864","0.9064864864864864","0.9064864864864864","1","1","1"
"335","0.8945945945945944","0.8945945945945944","0.8945945945945944","1","1","1"
"337","0.8967567567567567","0.8967567567567567","0.8967567567567567","1","1","1"
"339","0.8897297297297297","0.8897297297297297","0.8897297297297297","0.9899999999999997","0.9899999999999997","0.9899999999999997"
"341","0.8867567567567566","0.8867567567567566","0.8867567567567566","0.9899999999999997","0.9899999999999997","0.9899999999999997"
"343","0.8854054054054056","0.8854054054054056","0.8854054054054056","1","1","1"
"345","0.8981081081081084","0.8981081081081084","0.8981081081081084","1","1","1"
"347","0.9159459459459458","0.9159459459459458","0.9159459459459458","1","1","1"
"349","0.9021621621621623","0.9021621621621623","0.9021621621621623","1","1","1"
"351","0.9035135135135137","0.9035135135135137","0.9035135135135137","1","1","1"
"353","0.8986486486486488","0.8986486486486488","0.8986486486486488","1","1","1"
"355","0.9072972972972974","0.9072972972972974","0.9072972972972974","1","1","1"
"357","0.9027027027027028","0.9027027027027028","0.9027027027027028","1","1","1"
"359","0.9156756756756758","0.9156756756756758","0.9156756756756758","1","1","1"
"361","0.9170270270270272","0.9170270270270272","0.9170270270270272","1","1","1"
"363","0.9132432432432432","0.9132432432432432","0.9132432432432432","1","1","1"
"365","0.9018918918918918","0.9018918918918918","0.9018918918918918","1","1","1"
"367","0.9140540540540543","0.9140540540540543","0.9140540540540543","1","1","1"
"369","0.914864864864865","0.914864864864865","0.914864864864865","1","1","1"
"371","0.9208108108108106","0.9208108108108106","0.9208108108108106","1","1","1"
"373","0.8986486486486487","0.8986486486486487","0.8986486486486487","1","1","1"
"375","0.9145945945945945","0.9145945945945945","0.9145945945945945","1","1","1"
"377","0.9183783783783783","0.9183783783783783","0.9183783783783783","1","1","1"
"379","0.9200000000000002","0.9200000000000002","0.9200000000000002","1","1","1"
"381","0.9054054054054054","0.9054054054054054","0.9054054054054054","1","1","1"
"383","0.924594594594595","0.924594594594595","0.924594594594595","1","1","1"
"385","0.9186486486486487","0.9186486486486487","0.9186486486486487","1","1","1"
"387","0.9175675675675676","0.9175675675675676","0.9175675675675676","1","1","1"
"389","0.9127027027027028","0.9127027027027028","0.9127027027027028","1","1","1"
"391","0.9162162162162164","0.9162162162162164","0.9162162162162164","1","1","1"
"393","0.917837837837838","0.917837837837838","0.917837837837838","1","1","1"
"395","0.908918918918919","0.908918918918919","0.908918918918919","1","1","1"
"397","0.9108108108108113","0.9108108108108113","0.9108108108108113","0.9899999999999997","0.9899999999999997","0.9899999999999997"
"399","0.91","0.91","0.91","1","1","1"
"401","0.9221621621621623","0.9221621621621623","0.9221621621621623","1","1","1"
"403","0.9224324324324321","0.9224324324324321","0.9224324324324321","1","1","1"
"405","0.9202702702702702","0.9202702702702702","0.9202702702702702","1","1","1"
"407","0.9235135135135135","0.9235135135135135","0.9235135135135135","1","1","1"
"409","0.9221621621621618","0.9221621621621618","0.9221621621621618","1","1","1"
"411","0.9143243243243244","0.9143243243243244","0.9143243243243244","1","1","1"
"413","0.9221621621621623","0.9221621621621623","0.9221621621621623","1","1","1"
"415","0.9324324324324327","0.9324324324324327","0.9324324324324327","1","1","1"
"417","0.931081081081081","0.931081081081081","0.931081081081081","1","1","1"
"419","0.9329729729729731","0.9329729729729731","0.9329729729729731","1","1","1"
"421","0.9332432432432433","0.9332432432432433","0.9332432432432433","1","1","1"
"423","0.9364864864864867","0.9364864864864867","0.9364864864864867","1","1","1"
"425","0.9283783783783784","0.9283783783783784","0.9283783783783784","1","1","1"
"427","0.9308108108108112","0.9308108108108112","0.9308108108108112","1","1","1"
"429","0.9218918918918922","0.9218918918918922","0.9218918918918922","1","1","1"
"431","0.9194594594594592","0.9194594594594592","0.9194594594594592","1","1","1"
"433","0.9167567567567568","0.9167567567567568","0.9167567567567568","1","1","1"
"435","0.9213513513513515","0.9213513513513515","0.9213513513513515","1","1","1"
"437","0.9243243243243244","0.9243243243243244","0.9243243243243244","1","1","1"
"439","0.9329729729729729","0.9329729729729729","0.9329729729729729","1","1","1"
"441","0.9264864864864866","0.9264864864864866","0.9264864864864866","1","1","1"
"443","0.921891891891892","0.921891891891892","0.921891891891892","1","1","1"
"445","0.9278378378378378","0.9278378378378378","0.9278378378378378","1","1","1"
"447","0.9291891891891892","0.9291891891891892","0.9291891891891892","1","1","1"
"449","0.9313513513513512","0.9313513513513512","0.9313513513513512","1","1","1"
"451","0.9356756756756756","0.9356756756756756","0.9356756756756756","1","1","1"
"453","0.9264864864864866","0.9264864864864866","0.9264864864864866","1","1","1"
"455","0.93","0.93","0.93","1","1","1"
"457","0.9345945945945946","0.9345945945945946","0.9345945945945946","1","1","1"
"459","0.9329729729729731","0.9329729729729731","0.9329729729729731","1","1","1"
"461","0.9224324324324323","0.9224324324324323","0.9224324324324323","1","1","1"
"463","0.9370270270270269","0.9370270270270269","0.9370270270270269","1","1","1"
"465","0.9256756756756759","0.9256756756756759","0.9256756756756759","1","1","1"
"467","0.9362162162162164","0.9362162162162164","0.9362162162162164","1","1","1"
"469","0.9370270270270271","0.9370270270270271","0.9370270270270271","1","1","1"
"471","0.9345945945945947","0.9345945945945947","0.9345945945945947","1","1","1"
"473","0.9335135135135136","0.9335135135135136","0.9335135135135136","1","1","1"
"475","0.9294594594594595","0.9294594594594595","0.9294594594594595","1","1","1"
"477","0.9375675675675673","0.9375675675675673","0.9375675675675673","1","1","1"
"479","0.9443243243243244","0.9443243243243244","0.9443243243243244","1","1","1"
"481","0.9343243243243243","0.9343243243243243","0.9343243243243243","1","1","1"
"483","0.9329729729729731","0.9329729729729731","0.9329729729729731","1","1","1"
"485","0.938918918918919","0.938918918918919","0.938918918918919","1","1","1"
"487","0.9254054054054055","0.9254054054054055","0.9254054054054055","1","1","1"
"489","0.9297297297297297","0.9297297297297297","0.9297297297297297","1","1","1"
"491","0.931891891891892","0.931891891891892","0.931891891891892","1","1","1"
"493","0.9445945945945945","0.9445945945945945","0.9445945945945945","1","1","1"
"495","0.9459459459459462","0.9459459459459462","0.9459459459459462","1","1","1"
"497","0.9427027027027027","0.9427027027027027","0.9427027027027027","1","1","1"
"499","0.9340540540540543","0.9340540540540543","0.9340540540540543","1","1","1"
"501","0.9494594594594593","0.9494594594594593","0.9494594594594593","1","1","1"
"503","0.9470270270270273","0.9470270270270273","0.9470270270270273","1","1","1"
"505","0.9402702702702702","0.9402702702702702","0.9402702702702702","1","1","1"
"507","0.9408108108108106","0.9408108108108106","0.9408108108108106","1","1","1"
"509","0.943783783783784","0.943783783783784","0.943783783783784","1","1","1"
"511","0.9397297297297298","0.9397297297297298","0.9397297297297298","1","1","1"
"513","0.9437837837837838","0.9437837837837838","0.9437837837837838","1","1","1"
"515","0.9400000000000001","0.9400000000000001","0.9400000000000001","1","1","1"
"517","0.9364864864864867","0.9364864864864867","0.9364864864864867","1","1","1"
"519","0.9364864864864865","0.9364864864864865","0.9364864864864865","1","1","1"
"521","0.9375675675675677","0.9375675675675677","0.9375675675675677","1","1","1"
"523","0.9467567567567567","0.9467567567567567","0.9467567567567567","1","1","1"
"525","0.9429729729729732","0.9429729729729732","0.9429729729729732","1","1","1"
"527","0.9394594594594592","0.9394594594594592","0.9394594594594592","1","1","1"
"529","0.9443243243243244","0.9443243243243244","0.9443243243243244","1","1","1"
"531","0.9483783783783782","0.9483783783783782","0.9483783783783782","1","1","1"
"533","0.9459459459459462","0.9459459459459462","0.9459459459459462","1","1","1"
"535","0.9521621621621623","0.9521621621621623","0.9521621621621623","1","1","1"
"537","0.95","0.95","0.95","1","1","1"
"539","0.951891891891892","0.951891891891892","0.951891891891892","1","1","1"
"541","0.935675675675676","0.935675675675676","0.935675675675676","1","1","1"
"543","0.9378378378378377","0.9378378378378377","0.9378378378378377","1","1","1"
"545","0.9386486486486487","0.9386486486486487","0.9386486486486487","1","1","1"
"547","0.951891891891892","0.951891891891892","0.951891891891892","1","1","1"
"549","0.9454054054054055","0.9454054054054055","0.9454054054054055","1","1","1"
"551","0.9521621621621619","0.9521621621621619","0.9521621621621619","1","1","1"
"553","0.9448648648648647","0.9448648648648647","0.9448648648648647","1","1","1"
"555","0.9443243243243241","0.9443243243243241","0.9443243243243241","1","1","1"
"557","0.9459459459459459","0.9459459459459459","0.9459459459459459","1","1","1"
"559","0.9381081081081083","0.9381081081081083","0.9381081081081083","1","1","1"
"561","0.9413513513513511","0.9413513513513511","0.9413513513513511","1","1","1"
"563","0.9451351351351351","0.9451351351351351","0.9451351351351351","1","1","1"
"565","0.9554054054054053","0.9554054054054053","0.9554054054054053","1","1","1"
"567","0.9559459459459463","0.9559459459459463","0.9559459459459463","1","1","1"
"569","0.9537837837837838","0.9537837837837838","0.9537837837837838","1","1","1"
"571","0.9575675675675673","0.9575675675675673","0.9575675675675673","1","1","1"
"573","0.9535135135135133","0.9535135135135133","0.9535135135135133","1","1","1"
"575","0.9543243243243243","0.9543243243243243","0.9543243243243243","1","1","1"
"577","0.9494594594594595","0.9494594594594595","0.9494594594594595","1","1","1"
"579","0.9518918918918918","0.9518918918918918","0.9518918918918918","1","1","1"
"581","0.9524324324324327","0.9524324324324327","0.9524324324324327","1","1","1"
"583","0.9567567567567565","0.9567567567567565","0.9567567567567565","1","1","1"
"585","0.9456756756756756","0.9456756756756756","0.9456756756756756","1","1","1"
"587","0.9513513513513514","0.9513513513513514","0.9513513513513514","1","1","1"
"589","0.9543243243243243","0.9543243243243243","0.9543243243243243","1","1","1"
"591","0.9556756756756762","0.9556756756756762","0.9556756756756762","1","1","1"
"593","0.9443243243243242","0.9443243243243242","0.9443243243243242","1","1","1"
"595","0.9464864864864861","0.9464864864864861","0.9464864864864861","1","1","1"
"597","0.9472972972972972","0.9472972972972972","0.9472972972972972","1","1","1"
"599","0.9529729729729729","0.9529729729729729","0.9529729729729729","1","1","1"
"601","0.9589189189189188","0.9589189189189188","0.9589189189189188","1","1","1"
"603","0.9513513513513512","0.9513513513513512","0.9513513513513512","1","1","1"
"605","0.9483783783783785","0.9483783783783785","0.9483783783783785","1","1","1"
"607","0.9627027027027026","0.9627027027027026","0.9627027027027026","1","1","1"
"609","0.9545945945945944","0.9545945945945944","0.9545945945945944","1","1","1"
"611","0.9537837837837838","0.9537837837837838","0.9537837837837838","1","1","1"
"613","0.954864864864865","0.954864864864865","0.954864864864865","1","1","1"
"615","0.9556756756756755","0.9556756756756755","0.9556756756756755","1","1","1"
"617","0.9554054054054054","0.9554054054054054","0.9554054054054054","1","1","1"
"619","0.9594594594594594","0.9594594594594594","0.9594594594594594","1","1","1"
"621","0.95","0.95","0.95","1","1","1"
"623","0.947027027027027","0.947027027027027","0.947027027027027","1","1","1"
"625","0.9581081081081082","0.9581081081081082","0.9581081081081082","1","1","1"
"627","0.9532432432432432","0.9532432432432432","0.9532432432432432","1","1","1"
"629","0.9508108108108108","0.9508108108108108","0.9508108108108108","1","1","1"
"631","0.9575675675675673","0.9575675675675673","0.9575675675675673","1","1","1"
"633","0.9564864864864865","0.9564864864864865","0.9564864864864865","1","1","1"
"635","0.9537837837837836","0.9537837837837836","0.9537837837837836","1","1","1"
"637","0.9456756756756753","0.9456756756756753","0.9456756756756753","1","1","1"
"639","0.9632432432432433","0.9632432432432433","0.9632432432432433","1","1","1"
"641","0.9429729729729728","0.9429729729729728","0.9429729729729728","1","1","1"
"643","0.9462162162162162","0.9462162162162162","0.9462162162162162","1","1","1"
"645","0.9532432432432427","0.9532432432432427","0.9532432432432427","1","1","1"
"647","0.9564864864864865","0.9564864864864865","0.9564864864864865","1","1","1"
"649","0.962162162162162","0.962162162162162","0.962162162162162","1","1","1"
"651","0.9643243243243241","0.9643243243243241","0.9643243243243241","1","1","1"
"653","0.9610810810810809","0.9610810810810809","0.9610810810810809","1","1","1"
"655","0.9575675675675673","0.9575675675675673","0.9575675675675673","1","1","1"
"657","0.959189189189189","0.959189189189189","0.959189189189189","1","1","1"
"659","0.9627027027027029","0.9627027027027029","0.9627027027027029","1","1","1"
"661","0.9610810810810809","0.9610810810810809","0.9610810810810809","1","1","1"
"663","0.9635135135135134","0.9635135135135134","0.9635135135135134","1","1","1"
"665","0.9543243243243242","0.9543243243243242","0.9543243243243242","1","1","1"
"667","0.9564864864864862","0.9564864864864862","0.9564864864864862","1","1","1"
"669","0.9556756756756759","0.9556756756756759","0.9556756756756759","1","1","1"
"671","0.9594594594594593","0.9594594594594593","0.9594594594594593","1","1","1"
"673","0.9527027027027025","0.9527027027027025","0.9527027027027025","1","1","1"
"675","0.9608108108108108","0.9608108108108108","0.9608108108108108","1","1","1"
"677","0.9616216216216216","0.9616216216216216","0.9616216216216216","1","1","1"
"679","0.9529729729729731","0.9529729729729731","0.9529729729729731","1","1","1"
"681","0.959189189189189","0.959189189189189","0.959189189189189","1","1","1"
"683","0.9651351351351352","0.9651351351351352","0.9651351351351352","1","1","1"
"685","0.959189189189189","0.959189189189189","0.959189189189189","1","1","1"
"687","0.9570270270270267","0.9570270270270267","0.9570270270270267","1","1","1"
"689","0.9581081081081082","0.9581081081081082","0.9581081081081082","1","1","1"
"691","0.9670270270270269","0.9670270270270269","0.9670270270270269","1","1","1"
"693","0.9599999999999999","0.9599999999999999","0.9599999999999999","1","1","1"
"695","0.9578378378378378","0.9578378378378378","0.9578378378378378","1","1","1"
"697","0.959189189189189","0.959189189189189","0.959189189189189","1","1","1"
"699","0.954864864864865","0.954864864864865","0.954864864864865","1","1","1"
"701","0.9648648648648648","0.9648648648648648","0.9648648648648648","1","1","1"
"703","0.9513513513513511","0.9513513513513511","0.9513513513513511","1","1","1"
"705","0.9678378378378377","0.9678378378378377","0.9678378378378377","1","1","1"
"707","0.9643243243243241","0.9643243243243241","0.9643243243243241","1","1","1"
"709","0.969189189189189","0.969189189189189","0.969189189189189","1","1","1"
"711","0.9570270270270267","0.9570270270270267","0.9570270270270267","1","1","1"
"713","0.9667567567567563","0.9667567567567563","0.9667567567567563","1","1","1"
"715","0.958918918918919","0.958918918918919","0.958918918918919","1","1","1"
"717","0.9627027027027026","0.9627027027027026","0.9627027027027026","1","1","1"
"719","0.9594594594594593","0.9594594594594593","0.9594594594594593","1","1","1"
"721","0.9578378378378379","0.9578378378378379","0.9578378378378379","1","1","1"
"723","0.970810810810811","0.970810810810811","0.970810810810811","1","1","1"
"725","0.9559459459459461","0.9559459459459461","0.9559459459459461","1","1","1"
"727","0.9575675675675676","0.9575675675675676","0.9575675675675676","1","1","1"
"729","0.9556756756756757","0.9556756756756757","0.9556756756756757","1","1","1"
"731","0.9599999999999999","0.9599999999999999","0.9599999999999999","1","1","1"
"733","0.9610810810810811","0.9610810810810811","0.9610810810810811","1","1","1"
"735","0.9659459459459458","0.9659459459459458","0.9659459459459458","1","1","1"
"737","0.9659459459459458","0.9659459459459458","0.9659459459459458","1","1","1"
"739","0.9654054054054055","0.9654054054054055","0.9654054054054055","1","1","1"
"741","0.9589189189189188","0.9589189189189188","0.9589189189189188","1","1","1"
"743","0.9640540540540539","0.9640540540540539","0.9640540540540539","1","1","1"
"745","0.9662162162162162","0.9662162162162162","0.9662162162162162","1","1","1"
"747","0.9637837837837837","0.9637837837837837","0.9637837837837837","1","1","1"
"749","0.9697297297297293","0.9697297297297293","0.9697297297297293","1","1","1"
"751","0.9694594594594594","0.9694594594594594","0.9694594594594594","1","1","1"
"753","0.9629729729729728","0.9629729729729728","0.9629729729729728","1","1","1"
"755","0.9627027027027029","0.9627027027027029","0.9627027027027029","1","1","1"
"757","0.9651351351351349","0.9651351351351349","0.9651351351351349","1","1","1"
"759","0.9640540540540538","0.9640540540540538","0.9640540540540538","1","1","1"
"761","0.9699999999999996","0.9699999999999996","0.9699999999999996","1","1","1"
"763","0.9551351351351353","0.9551351351351353","0.9551351351351353","1","1","1"
"765","0.9629729729729728","0.9629729729729728","0.9629729729729728","1","1","1"
"767","0.959189189189189","0.959189189189189","0.959189189189189","1","1","1"
"769","0.9637837837837837","0.9637837837837837","0.9637837837837837","1","1","1"
"771","0.9651351351351348","0.9651351351351348","0.9651351351351348","1","1","1"
"773","0.9637837837837837","0.9637837837837837","0.9637837837837837","1","1","1"
"775","0.9675675675675675","0.9675675675675675","0.9675675675675675","1","1","1"
"777","0.9659459459459458","0.9659459459459458","0.9659459459459458","1","1","1"
"779","0.9605405405405403","0.9605405405405403","0.9605405405405403","1","1","1"
"781","0.9702702702702698","0.9702702702702698","0.9702702702702698","1","1","1"
"783","0.9640540540540539","0.9640540540540539","0.9640540540540539","1","1","1"
"785","0.966216216216216","0.966216216216216","0.966216216216216","1","1","1"
"787","0.9570270270270267","0.9570270270270267","0.9570270270270267","1","1","1"
"789","0.9670270270270267","0.9670270270270267","0.9670270270270267","1","1","1"
"791","0.9643243243243241","0.9643243243243241","0.9643243243243241","1","1","1"
"793","0.9637837837837839","0.9637837837837839","0.9637837837837839","1","1","1"
"795","0.9654054054054054","0.9654054054054054","0.9654054054054054","1","1","1"
"797","0.9686486486486485","0.9686486486486485","0.9686486486486485","1","1","1"
"799","0.9624324324324324","0.9624324324324324","0.9624324324324324","1","1","1"
"801","0.9635135135135137","0.9635135135135137","0.9635135135135137","1","1","1"
"803","0.9597297297297297","0.9597297297297297","0.9597297297297297","1","1","1"
"805","0.9651351351351352","0.9651351351351352","0.9651351351351352","1","1","1"
"807","0.9667567567567567","0.9667567567567567","0.9667567567567567","1","1","1"
"809","0.9678378378378377","0.9678378378378377","0.9678378378378377","1","1","1"
"811","0.962432432432432","0.962432432432432","0.962432432432432","1","1","1"
"813","0.969189189189189","0.969189189189189","0.969189189189189","1","1","1"
"815","0.9735135135135136","0.9735135135135136","0.9735135135135136","1","1","1"
"817","0.9681081081081081","0.9681081081081081","0.9681081081081081","1","1","1"
"819","0.9675675675675673","0.9675675675675673","0.9675675675675673","1","1","1"
"821","0.9621621621621622","0.9621621621621622","0.9621621621621622","1","1","1"
"823","0.9654054054054054","0.9654054054054054","0.9654054054054054","1","1","1"
"825","0.9589189189189187","0.9589189189189187","0.9589189189189187","1","1","1"
"827","0.9775675675675675","0.9775675675675675","0.9775675675675675","1","1","1"
"829","0.9632432432432428","0.9632432432432428","0.9632432432432428","1","1","1"
"831","0.971891891891892","0.971891891891892","0.971891891891892","1","1","1"
"833","0.9697297297297296","0.9697297297297296","0.9697297297297296","1","1","1"
"835","0.9640540540540539","0.9640540540540539","0.9640540540540539","1","1","1"
"837","0.9681081081081079","0.9681081081081079","0.9681081081081079","1","1","1"
"839","0.9664864864864863","0.9664864864864863","0.9664864864864863","1","1","1"
"841","0.9683783783783781","0.9683783783783781","0.9683783783783781","1","1","1"
"843","0.9729729729729728","0.9729729729729728","0.9729729729729728","1","1","1"
"845","0.9729729729729726","0.9729729729729726","0.9729729729729726","1","1","1"
"847","0.9745945945945944","0.9745945945945944","0.9745945945945944","1","1","1"
"849","0.9675675675675673","0.9675675675675673","0.9675675675675673","1","1","1"
"851","0.9702702702702698","0.9702702702702698","0.9702702702702698","1","1","1"
"853","0.9594594594594593","0.9594594594594593","0.9594594594594593","1","1","1"
"855","0.9705405405405404","0.9705405405405404","0.9705405405405404","1","1","1"
"857","0.9724324324324325","0.9724324324324325","0.9724324324324325","1","1","1"
"859","0.9697297297297296","0.9697297297297296","0.9697297297297296","1","1","1"
"861","0.9718918918918915","0.9718918918918915","0.9718918918918915","1","1","1"
"863","0.9654054054054052","0.9654054054054052","0.9654054054054052","1","1","1"
"865","0.965945945945946","0.965945945945946","0.965945945945946","1","1","1"
"867","0.971891891891892","0.971891891891892","0.971891891891892","1","1","1"
"869","0.9721621621621621","0.9721621621621621","0.9721621621621621","1","1","1"
"871","0.9689189189189186","0.9689189189189186","0.9689189189189186","1","1","1"
"873","0.9683783783783781","0.9683783783783781","0.9683783783783781","1","1","1"
"875","0.9575675675675676","0.9575675675675676","0.9575675675675676","1","1","1"
"877","0.9716216216216217","0.9716216216216217","0.9716216216216217","1","1","1"
"879","0.977027027027027","0.977027027027027","0.977027027027027","1","1","1"
"881","0.9637837837837837","0.9637837837837837","0.9637837837837837","1","1","1"
"883","0.9683783783783779","0.9683783783783779","0.9683783783783779","1","1","1"
"885","0.9708108108108107","0.9708108108108107","0.9708108108108107","1","1","1"
"887","0.9705405405405403","0.9705405405405403","0.9705405405405403","1","1","1"
"889","0.9705405405405404","0.9705405405405404","0.9705405405405404","1","1","1"
"891","0.9672972972972971","0.9672972972972971","0.9672972972972971","1","1","1"
"893","0.971891891891892","0.971891891891892","0.971891891891892","1","1","1"
"895","0.9699999999999999","0.9699999999999999","0.9699999999999999","1","1","1"
"897","0.9705405405405404","0.9705405405405404","0.9705405405405404","1","1","1"
"899","0.966216216216216","0.966216216216216","0.966216216216216","1","1","1"
"901","0.9651351351351352","0.9651351351351352","0.9651351351351352","1","1","1"
"903","0.9740540540540539","0.9740540540540539","0.9740540540540539","1","1","1"
"905","0.9702702702702705","0.9702702702702705","0.9702702702702705","1","1","1"
"907","0.9772972972972972","0.9772972972972972","0.9772972972972972","1","1","1"
"909","0.9789189189189187","0.9789189189189187","0.9789189189189187","1","1","1"
"911","0.9721621621621623","0.9721621621621623","0.9721621621621623","1","1","1"
"913","0.9727027027027024","0.9727027027027024","0.9727027027027024","1","1","1"
"915","0.9681081081081078","0.9681081081081078","0.9681081081081078","1","1","1"
"917","0.9718918918918917","0.9718918918918917","0.9718918918918917","1","1","1"
"919","0.9756756756756755","0.9756756756756755","0.9756756756756755","1","1","1"
"921","0.9737837837837836","0.9737837837837836","0.9737837837837836","1","1","1"
"923","0.9708108108108104","0.9708108108108104","0.9708108108108104","1","1","1"
"925","0.9727027027027025","0.9727027027027025","0.9727027027027025","1","1","1"
"927","0.9689189189189186","0.9689189189189186","0.9689189189189186","1","1","1"
"929","0.9729729729729728","0.9729729729729728","0.9729729729729728","1","1","1"
"931","0.9629729729729727","0.9629729729729727","0.9629729729729727","1","1","1"
"933","0.9737837837837838","0.9737837837837838","0.9737837837837838","1","1","1"
"935","0.9745945945945943","0.9745945945945943","0.9745945945945943","1","1","1"
"937","0.9727027027027025","0.9727027027027025","0.9727027027027025","1","1","1"
"939","0.9718918918918915","0.9718918918918915","0.9718918918918915","1","1","1"
"941","0.9751351351351351","0.9751351351351351","0.9751351351351351","1","1","1"
"943","0.9745945945945944","0.9745945945945944","0.9745945945945944","1","1","1"
"945","0.972972972972973","0.972972972972973","0.972972972972973","1","1","1"
"947","0.9689189189189186","0.9689189189189186","0.9689189189189186","1","1","1"
"949","0.9748648648648649","0.9748648648648649","0.9748648648648649","1","1","1"
"951","0.9694594594594595","0.9694594594594595","0.9694594594594595","1","1","1"
"953","0.9759459459459457","0.9759459459459457","0.9759459459459457","1","1","1"
"955","0.9697297297297296","0.9697297297297296","0.9697297297297296","1","1","1"
"957","0.9737837837837836","0.9737837837837836","0.9737837837837836","1","1","1"
"959","0.9732432432432432","0.9732432432432432","0.9732432432432432","1","1","1"
"961","0.9710810810810809","0.9710810810810809","0.9710810810810809","1","1","1"
"963","0.969459459459459","0.969459459459459","0.969459459459459","1","1","1"
"965","0.9789189189189185","0.9789189189189185","0.9789189189189185","1","1","1"
"967","0.969189189189189","0.969189189189189","0.969189189189189","1","1","1"
"969","0.9721621621621619","0.9721621621621619","0.9721621621621619","1","1","1"
"971","0.9778378378378378","0.9778378378378378","0.9778378378378378","1","1","1"
"973","0.9732432432432432","0.9732432432432432","0.9732432432432432","1","1","1"
"975","0.9667567567567563","0.9667567567567563","0.9667567567567563","1","1","1"
"977","0.9697297297297296","0.9697297297297296","0.9697297297297296","1","1","1"
"979","0.9745945945945944","0.9745945945945944","0.9745945945945944","1","1","1"
"981","0.9689189189189188","0.9689189189189188","0.9689189189189188","1","1","1"
"983","0.9770270270270266","0.9770270270270266","0.9770270270270266","1","1","1"
"985","0.9691891891891888","0.9691891891891888","0.9691891891891888","1","1","1"
"987","0.9737837837837833","0.9737837837837833","0.9737837837837833","1","1","1"
"989","0.9729729729729726","0.9729729729729726","0.9729729729729726","1","1","1"
"991","0.9689189189189186","0.9689189189189186","0.9689189189189186","1","1","1"
"993","0.9729729729729728","0.9729729729729728","0.9729729729729728","1","1","1"
"995","0.9781081081081077","0.9781081081081077","0.9781081081081077","1","1","1"
"997","0.97","0.97","0.97","1","1","1"
"999","0.9791891891891891","0.9791891891891891","0.9791891891891891","1","1","1"
"1001","0.9748648648648649","0.9748648648648649","0.9748648648648649","1","1","1"
"1003","0.977027027027027","0.977027027027027","0.977027027027027","1","1","1"
"1005","0.9745945945945946","0.9745945945945946","0.9745945945945946","1","1","1"
"1007","0.9775675675675676","0.9775675675675676","0.9775675675675676","1","1","1"
"1009","0.981081081081081","0.981081081081081","0.981081081081081","1","1","1"
"1011","0.9770270270270266","0.9770270270270266","0.9770270270270266","1","1","1"
"1013","0.9751351351351353","0.9751351351351353","0.9751351351351353","1","1","1"
"1015","0.9697297297297298","0.9697297297297298","0.9697297297297298","1","1","1"
"1017","0.9772972972972972","0.9772972972972972","0.9772972972972972","1","1","1"
"1019","0.9816216216216213","0.9816216216216213","0.9816216216216213","1","1","1"
"1021","0.9716216216216214","0.9716216216216214","0.9716216216216214","1","1","1"
"1023","0.9794594594594591","0.9794594594594591","0.9794594594594591","1","1","1"
"1025","0.9735135135135135","0.9735135135135135","0.9735135135135135","1","1","1"
"1027","0.9724324324324322","0.9724324324324322","0.9724324324324322","1","1","1"
"1029","0.9794594594594591","0.9794594594594591","0.9794594594594591","1","1","1"
"1031","0.974324324324324","0.974324324324324","0.974324324324324","1","1","1"
"1033","0.9775675675675676","0.9775675675675676","0.9775675675675676","1","1","1"
"1035","0.971081081081081","0.971081081081081","0.971081081081081","1","1","1"
"1037","0.9781081081081079","0.9781081081081079","0.9781081081081079","1","1","1"
"1039","0.9802702702702701","0.9802702702702701","0.9802702702702701","1","1","1"
"1041","0.9699999999999999","0.9699999999999999","0.9699999999999999","1","1","1"
"1043","0.977027027027027","0.977027027027027","0.977027027027027","1","1","1"
"1045","0.9751351351351351","0.9751351351351351","0.9751351351351351","1","1","1"
"1047","0.9762162162162161","0.9762162162162161","0.9762162162162161","1","1","1"
"1049","0.9756756756756755","0.9756756756756755","0.9756756756756755","1","1","1"
"1051","0.9786486486486483","0.9786486486486483","0.9786486486486483","1","1","1"
"1053","0.9708108108108107","0.9708108108108107","0.9708108108108107","1","1","1"
"1055","0.9764864864864864","0.9764864864864864","0.9764864864864864","1","1","1"
"1057","0.9813513513513512","0.9813513513513512","0.9813513513513512","1","1","1"
"1059","0.9778378378378374","0.9778378378378374","0.9778378378378374","1","1","1"
"1061","0.9748648648648647","0.9748648648648647","0.9748648648648647","1","1","1"
"1063","0.9775675675675672","0.9775675675675672","0.9775675675675672","1","1","1"
"1065","0.973243243243243","0.973243243243243","0.973243243243243","1","1","1"
"1067","0.9786486486486486","0.9786486486486486","0.9786486486486486","1","1","1"
"1069","0.9702702702702697","0.9702702702702697","0.9702702702702697","1","1","1"
"1071","0.9772972972972969","0.9772972972972969","0.9772972972972969","1","1","1"
"1073","0.9791891891891891","0.9791891891891891","0.9791891891891891","1","1","1"
"1075","0.9697297297297296","0.9697297297297296","0.9697297297297296","1","1","1"
"1077","0.9748648648648649","0.9748648648648649","0.9748648648648649","1","1","1"
"1079","0.9764864864864865","0.9764864864864865","0.9764864864864865","1","1","1"
"1081","0.9705405405405401","0.9705405405405401","0.9705405405405401","1","1","1"
"1083","0.9783783783783783","0.9783783783783783","0.9783783783783783","1","1","1"
"1085","0.9694594594594592","0.9694594594594592","0.9694594594594592","1","1","1"
"1087","0.9737837837837836","0.9737837837837836","0.9737837837837836","1","1","1"
"1089","0.9745945945945944","0.9745945945945944","0.9745945945945944","1","1","1"
"1091","0.9799999999999995","0.9799999999999995","0.9799999999999995","1","1","1"
"1093","0.9756756756756755","0.9756756756756755","0.9756756756756755","1","1","1"
"1095","0.981081081081081","0.981081081081081","0.981081081081081","1","1","1"
"1097","0.9748648648648645","0.9748648648648645","0.9748648648648645","1","1","1"
"1099","0.9786486486486485","0.9786486486486485","0.9786486486486485","1","1","1"
"1101","0.979189189189189","0.979189189189189","0.979189189189189","1","1","1"
"1103","0.9813513513513512","0.9813513513513512","0.9813513513513512","1","1","1"
"1105","0.9745945945945943","0.9745945945945943","0.9745945945945943","1","1","1"
"1107","0.9764864864864862","0.9764864864864862","0.9764864864864862","1","1","1"
"1109","0.9840540540540538","0.9840540540540538","0.9840540540540538","1","1","1"
"1111","0.9762162162162161","0.9762162162162161","0.9762162162162161","1","1","1"
"1113","0.9778378378378374","0.9778378378378374","0.9778378378378374","1","1","1"
"1115","0.977027027027027","0.977027027027027","0.977027027027027","1","1","1"
"1117","0.9762162162162159","0.9762162162162159","0.9762162162162159","1","1","1"
"1119","0.9735135135135132","0.9735135135135132","0.9735135135135132","1","1","1"
"1121","0.9756756756756755","0.9756756756756755","0.9756756756756755","1","1","1"
"1123","0.9735135135135136","0.9735135135135136","0.9735135135135136","1","1","1"
"1125","0.9745945945945941","0.9745945945945941","0.9745945945945941","1","1","1"
"1127","0.977027027027027","0.977027027027027","0.977027027027027","1","1","1"
"1129","0.981081081081081","0.981081081081081","0.981081081081081","1","1","1"
"1131","0.9708108108108107","0.9708108108108107","0.9708108108108107","1","1","1"
"1133","0.9835135135135133","0.9835135135135133","0.9835135135135133","1","1","1"
"1135","0.9816216216216215","0.9816216216216215","0.9816216216216215","1","1","1"
"1137","0.9810810810810808","0.9810810810810808","0.9810810810810808","1","1","1"
"1139","0.9794594594594589","0.9794594594594589","0.9794594594594589","1","1","1"
"1141","0.9824324324324321","0.9824324324324321","0.9824324324324321","1","1","1"
"1143","0.9797297297297297","0.9797297297297297","0.9797297297297297","1","1","1"
"1145","0.9789189189189189","0.9789189189189189","0.9789189189189189","1","1","1"
"1147","0.9778378378378376","0.9778378378378376","0.9778378378378376","1","1","1"
"1149","0.9767567567567568","0.9767567567567568","0.9767567567567568","1","1","1"
"1151","0.9789189189189185","0.9789189189189185","0.9789189189189185","1","1","1"
"1153","0.973243243243243","0.973243243243243","0.973243243243243","1","1","1"
"1155","0.979189189189189","0.979189189189189","0.979189189189189","1","1","1"
"1157","0.977027027027027","0.977027027027027","0.977027027027027","1","1","1"
"1159","0.9745945945945946","0.9745945945945946","0.9745945945945946","1","1","1"
"1161","0.9786486486486483","0.9786486486486483","0.9786486486486483","1","1","1"
"1163","0.9808108108108108","0.9808108108108108","0.9808108108108108","1","1","1"
"1165","0.9794594594594596","0.9794594594594596","0.9794594594594596","1","1","1"
"1167","0.9797297297297295","0.9797297297297295","0.9797297297297295","1","1","1"
"1169","0.9778378378378376","0.9778378378378376","0.9778378378378376","1","1","1"
"1171","0.9729729729729726","0.9729729729729726","0.9729729729729726","1","1","1"
"1173","0.9827027027027025","0.9827027027027025","0.9827027027027025","1","1","1"
"1175","0.9778378378378381","0.9778378378378381","0.9778378378378381","1","1","1"
"1177","0.9794594594594597","0.9794594594594597","0.9794594594594597","1","1","1"
"1179","0.9786486486486485","0.9786486486486485","0.9786486486486485","1","1","1"
"1181","0.9737837837837834","0.9737837837837834","0.9737837837837834","1","1","1"
"1183","0.9824324324324323","0.9824324324324323","0.9824324324324323","1","1","1"
"1185","0.9821621621621622","0.9821621621621622","0.9821621621621622","1","1","1"
"1187","0.9767567567567564","0.9767567567567564","0.9767567567567564","1","1","1"
"1189","0.9824324324324323","0.9824324324324323","0.9824324324324323","1","1","1"
"1191","0.9759459459459455","0.9759459459459455","0.9759459459459455","1","1","1"
"1193","0.9805405405405402","0.9805405405405402","0.9805405405405402","1","1","1"
"1195","0.9816216216216218","0.9816216216216218","0.9816216216216218","1","1","1"
"1197","0.9718918918918917","0.9718918918918917","0.9718918918918917","1","1","1"
"1199","0.9770270270270264","0.9770270270270264","0.9770270270270264","1","1","1"
"1201","0.977027027027027","0.977027027027027","0.977027027027027","1","1","1"
"1203","0.9759459459459457","0.9759459459459457","0.9759459459459457","1","1","1"
"1205","0.9670270270270269","0.9670270270270269","0.9670270270270269","1","1","1"
"1207","0.978378378378378","0.978378378378378","0.978378378378378","1","1","1"
"1209","0.9840540540540541","0.9840540540540541","0.9840540540540541","1","1","1"
"1211","0.9835135135135133","0.9835135135135133","0.9835135135135133","1","1","1"
"1213","0.9754054054054049","0.9754054054054049","0.9754054054054049","1","1","1"
"1215","0.9732432432432434","0.9732432432432434","0.9732432432432434","1","1","1"
"1217","0.9721621621621621","0.9721621621621621","0.9721621621621621","1","1","1"
"1219","0.9827027027027027","0.9827027027027027","0.9827027027027027","1","1","1"
"1221","0.9762162162162158","0.9762162162162158","0.9762162162162158","1","1","1"
"1223","0.9762162162162158","0.9762162162162158","0.9762162162162158","1","1","1"
"1225","0.9767567567567568","0.9767567567567568","0.9767567567567568","1","1","1"
"1227","0.9805405405405402","0.9805405405405402","0.9805405405405402","1","1","1"
"1229","0.9802702702702701","0.9802702702702701","0.9802702702702701","1","1","1"
"1231","0.9805405405405404","0.9805405405405404","0.9805405405405404","1","1","1"
"1233","0.9770270270270268","0.9770270270270268","0.9770270270270268","1","1","1"
"1235","0.9843243243243238","0.9843243243243238","0.9843243243243238","1","1","1"
"1237","0.981081081081081","0.981081081081081","0.981081081081081","1","1","1"
"1239","0.9772972972972969","0.9772972972972969","0.9772972972972969","1","1","1"
"1241","0.9856756756756755","0.9856756756756755","0.9856756756756755","1","1","1"
"1243","0.9789189189189185","0.9789189189189185","0.9789189189189185","1","1","1"
"1245","0.974054054054054","0.974054054054054","0.974054054054054","1","1","1"
"1247","0.9794594594594596","0.9794594594594596","0.9794594594594596","1","1","1"
"1249","0.9797297297297295","0.9797297297297295","0.9797297297297295","1","1","1"
"1251","0.9772972972972972","0.9772972972972972","0.9772972972972972","1","1","1"
"1253","0.9791891891891891","0.9791891891891891","0.9791891891891891","1","1","1"
"1255","0.9756756756756755","0.9756756756756755","0.9756756756756755","1","1","1"
"1257","0.9789189189189187","0.9789189189189187","0.9789189189189187","1","1","1"
"1259","0.9810810810810808","0.9810810810810808","0.9810810810810808","1","1","1"
"1261","0.9764864864864865","0.9764864864864865","0.9764864864864865","1","1","1"
"1263","0.975945945945946","0.975945945945946","0.975945945945946","1","1","1"
"1265","0.9827027027027025","0.9827027027027025","0.9827027027027025","1","1","1"
"1267","0.9856756756756756","0.9856756756756756","0.9856756756756756","1","1","1"
"1269","0.9789189189189189","0.9789189189189189","0.9789189189189189","1","1","1"
"1271","0.9829729729729725","0.9829729729729725","0.9829729729729725","1","1","1"
"1273","0.9808108108108108","0.9808108108108108","0.9808108108108108","1","1","1"
"1275","0.9781081081081079","0.9781081081081079","0.9781081081081079","1","1","1"
"1277","0.9797297297297297","0.9797297297297297","0.9797297297297297","1","1","1"
"1279","0.9783783783783783","0.9783783783783783","0.9783783783783783","1","1","1"
"1281","0.9808108108108106","0.9808108108108106","0.9808108108108106","1","1","1"
"1283","0.9827027027027023","0.9827027027027023","0.9827027027027023","1","1","1"
"1285","0.9824324324324323","0.9824324324324323","0.9824324324324323","1","1","1"
"1287","0.9743243243243243","0.9743243243243243","0.9743243243243243","1","1","1"
"1289","0.9767567567567566","0.9767567567567566","0.9767567567567566","1","1","1"
"1291","0.986216216216216","0.986216216216216","0.986216216216216","1","1","1"
"1293","0.9816216216216215","0.9816216216216215","0.9816216216216215","1","1","1"
"1295","0.9794594594594593","0.9794594594594593","0.9794594594594593","1","1","1"
"1297","0.98","0.98","0.98","1","1","1"
"1299","0.9791891891891893","0.9791891891891893","0.9791891891891893","1","1","1"
"1301","0.981081081081081","0.981081081081081","0.981081081081081","1","1","1"
"1303","0.9802702702702701","0.9802702702702701","0.9802702702702701","1","1","1"
"1305","0.9786486486486485","0.9786486486486485","0.9786486486486485","1","1","1"
"1307","0.9829729729729727","0.9829729729729727","0.9829729729729727","1","1","1"
"1309","0.982162162162162","0.982162162162162","0.982162162162162","1","1","1"
"1311","0.9848648648648646","0.9848648648648646","0.9848648648648646","1","1","1"
"1313","0.9818918918918919","0.9818918918918919","0.9818918918918919","1","1","1"
"1315","0.9791891891891891","0.9791891891891891","0.9791891891891891","1","1","1"
"1317","0.9805405405405404","0.9805405405405404","0.9805405405405404","1","1","1"
"1319","0.9827027027027025","0.9827027027027025","0.9827027027027025","1","1","1"
"1321","0.9851351351351348","0.9851351351351348","0.9851351351351348","1","1","1"
"1323","0.9786486486486485","0.9786486486486485","0.9786486486486485","1","1","1"
"1325","0.9686486486486483","0.9686486486486483","0.9686486486486483","1","1","1"
"1327","0.9829729729729729","0.9829729729729729","0.9829729729729729","1","1","1"
"1329","0.9851351351351348","0.9851351351351348","0.9851351351351348","1","1","1"
"1331","0.9808108108108108","0.9808108108108108","0.9808108108108108","1","1","1"
"1333","0.9756756756756755","0.9756756756756755","0.9756756756756755","1","1","1"
"1335","0.9829729729729729","0.9829729729729729","0.9829729729729729","1","1","1"
"1337","0.9851351351351348","0.9851351351351348","0.9851351351351348","1","1","1"
"1339","0.9864864864864863","0.9864864864864863","0.9864864864864863","1","1","1"
"1341","0.9856756756756755","0.9856756756756755","0.9856756756756755","1","1","1"
"1343","0.9786486486486483","0.9786486486486483","0.9786486486486483","1","1","1"
"1345","0.978378378378378","0.978378378378378","0.978378378378378","1","1","1"
"1347","0.9797297297297295","0.9797297297297295","0.9797297297297295","1","1","1"
"1349","0.9786486486486485","0.9786486486486485","0.9786486486486485","1","1","1"
"1351","0.9778378378378376","0.9778378378378376","0.9778378378378376","1","1","1"
"1353","0.9805405405405404","0.9805405405405404","0.9805405405405404","1","1","1"
"1355","0.9802702702702701","0.9802702702702701","0.9802702702702701","1","1","1"
"1357","0.9802702702702701","0.9802702702702701","0.9802702702702701","1","1","1"
"1359","0.9797297297297294","0.9797297297297294","0.9797297297297294","1","1","1"
"1361","0.9829729729729725","0.9829729729729725","0.9829729729729725","1","1","1"
"1363","0.982162162162162","0.982162162162162","0.982162162162162","1","1","1"
"1365","0.979189189189189","0.979189189189189","0.979189189189189","1","1","1"
"1367","0.9829729729729727","0.9829729729729727","0.9829729729729727","1","1","1"
"1369","0.9816216216216215","0.9816216216216215","0.9816216216216215","1","1","1"
"1371","0.9797297297297294","0.9797297297297294","0.9797297297297294","1","1","1"
"1373","0.9827027027027027","0.9827027027027027","0.9827027027027027","1","1","1"
"1375","0.9848648648648646","0.9848648648648646","0.9848648648648646","1","1","1"
"1377","0.9837837837837835","0.9837837837837835","0.9837837837837835","1","1","1"
"1379","0.9848648648648646","0.9848648648648646","0.9848648648648646","1","1","1"
"1381","0.9789189189189187","0.9789189189189187","0.9789189189189187","1","1","1"
"1383","0.9835135135135133","0.9835135135135133","0.9835135135135133","1","1","1"
"1385","0.9808108108108108","0.9808108108108108","0.9808108108108108","1","1","1"
"1387","0.9762162162162161","0.9762162162162161","0.9762162162162161","1","1","1"
"1389","0.9827027027027027","0.9827027027027027","0.9827027027027027","1","1","1"
"1391","0.9816216216216215","0.9816216216216215","0.9816216216216215","1","1","1"
"1393","0.9805405405405404","0.9805405405405404","0.9805405405405404","1","1","1"
"1395","0.9797297297297297","0.9797297297297297","0.9797297297297297","1","1","1"
"1397","0.9799999999999995","0.9799999999999995","0.9799999999999995","1","1","1"
"1399","0.981351351351351","0.981351351351351","0.981351351351351","1","1","1"
"1401","0.9851351351351352","0.9851351351351352","0.9851351351351352","1","1","1"
"1403","0.9708108108108109","0.9708108108108109","0.9708108108108109","1","1","1"
"1405","0.9856756756756755","0.9856756756756755","0.9856756756756755","1","1","1"
"1407","0.9805405405405405","0.9805405405405405","0.9805405405405405","1","1","1"
"1409","0.9827027027027027","0.9827027027027027","0.9827027027027027","1","1","1"
"1411","0.978108108108108","0.978108108108108","0.978108108108108","1","1","1"
"1413","0.9805405405405402","0.9805405405405402","0.9805405405405402","1","1","1"
"1415","0.975135135135135","0.975135135135135","0.975135135135135","1","1","1"
"1417","0.9789189189189187","0.9789189189189187","0.9789189189189187","1","1","1"
"1419","0.9740540540540539","0.9740540540540539","0.9740540540540539","1","1","1"
"1421","0.9835135135135133","0.9835135135135133","0.9835135135135133","1","1","1"
"1423","0.9794594594594593","0.9794594594594593","0.9794594594594593","1","1","1"
"1425","0.9772972972972972","0.9772972972972972","0.9772972972972972","1","1","1"
"1427","0.9856756756756756","0.9856756756756756","0.9856756756756756","1","1","1"
"1429","0.9781081081081082","0.9781081081081082","0.9781081081081082","1","1","1"
"1431","0.9762162162162163","0.9762162162162163","0.9762162162162163","1","1","1"
"1433","0.9805405405405404","0.9805405405405404","0.9805405405405404","1","1","1"
"1435","0.9864864864864861","0.9864864864864861","0.9864864864864861","1","1","1"
"1437","0.9832432432432433","0.9832432432432433","0.9832432432432433","1","1","1"
"1439","0.9813513513513512","0.9813513513513512","0.9813513513513512","1","1","1"
"1441","0.9870270270270269","0.9870270270270269","0.9870270270270269","1","1","1"
"1443","0.9802702702702704","0.9802702702702704","0.9802702702702704","1","1","1"
"1445","0.9805405405405404","0.9805405405405404","0.9805405405405404","1","1","1"
"1447","0.9786486486486485","0.9786486486486485","0.9786486486486485","1","1","1"
"1449","0.9789189189189191","0.9789189189189191","0.9789189189189191","1","1","1"
"1451","0.9818918918918916","0.9818918918918916","0.9818918918918916","1","1","1"
"1453","0.9856756756756755","0.9856756756756755","0.9856756756756755","1","1","1"
"1455","0.9789189189189185","0.9789189189189185","0.9789189189189185","1","1","1"
"1457","0.9813513513513512","0.9813513513513512","0.9813513513513512","1","1","1"
"1459","0.9813513513513512","0.9813513513513512","0.9813513513513512","1","1","1"
"1461","0.982162162162162","0.982162162162162","0.982162162162162","1","1","1"
"1463","0.9813513513513514","0.9813513513513514","0.9813513513513514","1","1","1"
"1465","0.9770270270270272","0.9770270270270272","0.9770270270270272","1","1","1"
"1467","0.9797297297297295","0.9797297297297295","0.9797297297297295","1","1","1"
"1469","0.9789189189189189","0.9789189189189189","0.9789189189189189","1","1","1"
"1471","0.9821621621621619","0.9821621621621619","0.9821621621621619","1","1","1"
"1473","0.9835135135135133","0.9835135135135133","0.9835135135135133","1","1","1"
"1475","0.9808108108108106","0.9808108108108106","0.9808108108108106","1","1","1"
"1477","0.9799999999999998","0.9799999999999998","0.9799999999999998","1","1","1"
"1479","0.9818918918918919","0.9818918918918919","0.9818918918918919","1","1","1"
"1481","0.986216216216216","0.986216216216216","0.986216216216216","1","1","1"
"1483","0.9805405405405404","0.9805405405405404","0.9805405405405404","1","1","1"
"1485","0.9805405405405404","0.9805405405405404","0.9805405405405404","1","1","1"
"1487","0.977027027027027","0.977027027027027","0.977027027027027","1","1","1"
"1489","0.9835135135135133","0.9835135135135133","0.9835135135135133","1","1","1"
"1491","0.9859459459459459","0.9859459459459459","0.9859459459459459","1","1","1"
"1493","0.9827027027027027","0.9827027027027027","0.9827027027027027","1","1","1"
"1495","0.9818918918918914","0.9818918918918914","0.9818918918918914","1","1","1"
"1497","0.9829729729729727","0.9829729729729727","0.9829729729729727","1","1","1"
"1499","0.9845945945945944","0.9845945945945944","0.9845945945945944","1","1","1"
"1501","0.9827027027027027","0.9827027027027027","0.9827027027027027","1","1","1"
"1503","0.9797297297297295","0.9797297297297295","0.9797297297297295","1","1","1"
"1505","0.9810810810810812","0.9810810810810812","0.9810810810810812","1","1","1"
"1507","0.9824324324324323","0.9824324324324323","0.9824324324324323","1","1","1"
"1509","0.9816216216216216","0.9816216216216216","0.9816216216216216","1","1","1"
"1511","0.9837837837837834","0.9837837837837834","0.9837837837837834","1","1","1"
"1513","0.9767567567567566","0.9767567567567566","0.9767567567567566","1","1","1"
"1515","0.9848648648648648","0.9848648648648648","0.9848648648648648","1","1","1"
"1517","0.983243243243243","0.983243243243243","0.983243243243243","1","1","1"
"1519","0.983243243243243","0.983243243243243","0.983243243243243","1","1","1"
"1521","0.9808108108108108","0.9808108108108108","0.9808108108108108","1","1","1"
"1523","0.9786486486486485","0.9786486486486485","0.9786486486486485","1","1","1"
"1525","0.9835135135135136","0.9835135135135136","0.9835135135135136","1","1","1"
"1527","0.9837837837837835","0.9837837837837835","0.9837837837837835","1","1","1"
"1529","0.9824324324324321","0.9824324324324321","0.9824324324324321","1","1","1"
"1531","0.9837837837837834","0.9837837837837834","0.9837837837837834","1","1","1"
"1533","0.9837837837837837","0.9837837837837837","0.9837837837837837","1","1","1"
"1535","0.9824324324324323","0.9824324324324323","0.9824324324324323","1","1","1"
"1537","0.9781081081081079","0.9781081081081079","0.9781081081081079","1","1","1"
"1539","0.9854054054054052","0.9854054054054052","0.9854054054054052","1","1","1"
"1541","0.980810810810811","0.980810810810811","0.980810810810811","1","1","1"
"1543","0.983243243243243","0.983243243243243","0.983243243243243","1","1","1"
"1545","0.9786486486486485","0.9786486486486485","0.9786486486486485","1","1","1"
"1547","0.984054054054054","0.984054054054054","0.984054054054054","1","1","1"
"1549","0.9837837837837834","0.9837837837837834","0.9837837837837834","1","1","1"
"1551","0.9843243243243244","0.9843243243243244","0.9843243243243244","1","1","1"
"1553","0.9843243243243242","0.9843243243243242","0.9843243243243242","1","1","1"
"1555","0.9791891891891891","0.9791891891891891","0.9791891891891891","1","1","1"
"1557","0.9797297297297297","0.9797297297297297","0.9797297297297297","1","1","1"
"1559","0.9851351351351351","0.9851351351351351","0.9851351351351351","1","1","1"
"1561","0.986216216216216","0.986216216216216","0.986216216216216","1","1","1"
"1563","0.981351351351351","0.981351351351351","0.981351351351351","1","1","1"
"1565","0.9848648648648645","0.9848648648648645","0.9848648648648645","1","1","1"
"1567","0.9843243243243242","0.9843243243243242","0.9843243243243242","1","1","1"
"1569","0.9848648648648646","0.9848648648648646","0.9848648648648646","1","1","1"
"1571","0.9835135135135133","0.9835135135135133","0.9835135135135133","1","1","1"
"1573","0.978108108108108","0.978108108108108","0.978108108108108","1","1","1"
"1575","0.9781081081081079","0.9781081081081079","0.9781081081081079","1","1","1"
"1577","0.9816216216216215","0.9816216216216215","0.9816216216216215","1","1","1"
"1579","0.9824324324324321","0.9824324324324321","0.9824324324324321","1","1","1"
"1581","0.9762162162162159","0.9762162162162159","0.9762162162162159","1","1","1"
"1583","0.984054054054054","0.984054054054054","0.984054054054054","1","1","1"
"1585","0.981081081081081","0.981081081081081","0.981081081081081","1","1","1"
"1587","0.9848648648648648","0.9848648648648648","0.9848648648648648","1","1","1"
"1589","0.9827027027027025","0.9827027027027025","0.9827027027027025","1","1","1"
"1591","0.9821621621621622","0.9821621621621622","0.9821621621621622","1","1","1"
"1593","0.9845945945945946","0.9845945945945946","0.9845945945945946","1","1","1"
"1595","0.9770270270270266","0.9770270270270266","0.9770270270270266","1","1","1"
"1597","0.9843243243243242","0.9843243243243242","0.9843243243243242","1","1","1"
"1599","0.9816216216216215","0.9816216216216215","0.9816216216216215","1","1","1"
"1601","0.9843243243243242","0.9843243243243242","0.9843243243243242","1","1","1"
"1603","0.9827027027027025","0.9827027027027025","0.9827027027027025","1","1","1"
"1605","0.9829729729729727","0.9829729729729727","0.9829729729729727","1","1","1"
"1607","0.9821621621621619","0.9821621621621619","0.9821621621621619","1","1","1"
"1609","0.9856756756756756","0.9856756756756756","0.9856756756756756","1","1","1"
"1611","0.9827027027027025","0.9827027027027025","0.9827027027027025","1","1","1"
"1613","0.9835135135135133","0.9835135135135133","0.9835135135135133","1","1","1"
"1615","0.9827027027027025","0.9827027027027025","0.9827027027027025","1","1","1"
"1617","0.9827027027027027","0.9827027027027027","0.9827027027027027","1","1","1"
"1619","0.9856756756756756","0.9856756756756756","0.9856756756756756","1","1","1"
"1621","0.9827027027027025","0.9827027027027025","0.9827027027027025","1","1","1"
"1623","0.98","0.98","0.98","1","1","1"
"1625","0.984054054054054","0.984054054054054","0.984054054054054","1","1","1"
"1627","0.9818918918918919","0.9818918918918919","0.9818918918918919","1","1","1"
"1629","0.9818918918918916","0.9818918918918916","0.9818918918918916","1","1","1"
"1631","0.9835135135135133","0.9835135135135133","0.9835135135135133","1","1","1"
"1633","0.9875675675675674","0.9875675675675674","0.9875675675675674","1","1","1"
"1635","0.9832432432432433","0.9832432432432433","0.9832432432432433","1","1","1"
"1637","0.988108108108108","0.988108108108108","0.988108108108108","1","1","1"
"1639","0.985405405405405","0.985405405405405","0.985405405405405","1","1","1"
"1641","0.9781081081081079","0.9781081081081079","0.9781081081081079","1","1","1"
"1643","0.9821621621621622","0.9821621621621622","0.9821621621621622","1","1","1"
"1645","0.986216216216216","0.986216216216216","0.986216216216216","1","1","1"
"1647","0.9845945945945942","0.9845945945945942","0.9845945945945942","1","1","1"
"1649","0.9827027027027025","0.9827027027027025","0.9827027027027025","1","1","1"
"1651","0.9845945945945946","0.9845945945945946","0.9845945945945946","1","1","1"
"1653","0.9824324324324325","0.9824324324324325","0.9824324324324325","1","1","1"
"1655","0.9840540540540538","0.9840540540540538","0.9840540540540538","1","1","1"
"1657","0.9848648648648648","0.9848648648648648","0.9848648648648648","1","1","1"
"1659","0.9791891891891891","0.9791891891891891","0.9791891891891891","1","1","1"
"1661","0.9808108108108108","0.9808108108108108","0.9808108108108108","1","1","1"
"1663","0.986216216216216","0.986216216216216","0.986216216216216","1","1","1"
"1665","0.9848648648648646","0.9848648648648646","0.9848648648648646","1","1","1"
"1667","0.984054054054054","0.984054054054054","0.984054054054054","1","1","1"
"1669","0.9886486486486487","0.9886486486486487","0.9886486486486487","1","1","1"
"1671","0.9870270270270265","0.9870270270270265","0.9870270270270265","1","1","1"
"1673","0.9799999999999995","0.9799999999999995","0.9799999999999995","1","1","1"
"1675","0.9848648648648646","0.9848648648648646","0.9848648648648646","1","1","1"
"1677","0.9832432432432431","0.9832432432432431","0.9832432432432431","1","1","1"
"1679","0.9878378378378375","0.9878378378378375","0.9878378378378375","1","1","1"
"1681","0.9818918918918919","0.9818918918918919","0.9818918918918919","1","1","1"
"1683","0.982162162162162","0.982162162162162","0.982162162162162","1","1","1"
"1685","0.9881081081081078","0.9881081081081078","0.9881081081081078","1","1","1"
"1687","0.9864864864864863","0.9864864864864863","0.9864864864864863","1","1","1"
"1689","0.9854054054054052","0.9854054054054052","0.9854054054054052","1","1","1"
"1691","0.9856756756756753","0.9856756756756753","0.9856756756756753","1","1","1"
"1693","0.984324324324324","0.984324324324324","0.984324324324324","1","1","1"
"1695","0.9775675675675675","0.9775675675675675","0.9775675675675675","1","1","1"
"1697","0.9821621621621617","0.9821621621621617","0.9821621621621617","1","1","1"
"1699","0.9821621621621622","0.9821621621621622","0.9821621621621622","1","1","1"
"1701","0.9827027027027027","0.9827027027027027","0.9827027027027027","1","1","1"
"1703","0.9835135135135133","0.9835135135135133","0.9835135135135133","1","1","1"
"1705","0.987297297297297","0.987297297297297","0.987297297297297","1","1","1"
"1707","0.9837837837837835","0.9837837837837835","0.9837837837837835","1","1","1"
"1709","0.9902702702702701","0.9902702702702701","0.9902702702702701","1","1","1"
"1711","0.9851351351351348","0.9851351351351348","0.9851351351351348","1","1","1"
"1713","0.9837837837837835","0.9837837837837835","0.9837837837837835","1","1","1"
"1715","0.9872972972972971","0.9872972972972971","0.9872972972972971","1","1","1"
"1717","0.981351351351351","0.981351351351351","0.981351351351351","1","1","1"
"1719","0.9829729729729729","0.9829729729729729","0.9829729729729729","1","1","1"
"1721","0.9848648648648648","0.9848648648648648","0.9848648648648648","1","1","1"
"1723","0.9856756756756755","0.9856756756756755","0.9856756756756755","1","1","1"
"1725","0.9810810810810808","0.9810810810810808","0.9810810810810808","1","1","1"
"1727","0.9808108108108106","0.9808108108108106","0.9808108108108106","1","1","1"
"1729","0.9851351351351351","0.9851351351351351","0.9851351351351351","1","1","1"
"1731","0.987297297297297","0.987297297297297","0.987297297297297","1","1","1"
"1733","0.9827027027027021","0.9827027027027021","0.9827027027027021","1","1","1"
"1735","0.9781081081081079","0.9781081081081079","0.9781081081081079","1","1","1"
"1737","0.9805405405405402","0.9805405405405402","0.9805405405405402","1","1","1"
"1739","0.9802702702702701","0.9802702702702701","0.9802702702702701","1","1","1"
"1741","0.9872972972972971","0.9872972972972971","0.9872972972972971","1","1","1"
"1743","0.9845945945945944","0.9845945945945944","0.9845945945945944","1","1","1"
"1745","0.9872972972972971","0.9872972972972971","0.9872972972972971","1","1","1"
"1747","0.9824324324324323","0.9824324324324323","0.9824324324324323","1","1","1"
"1749","0.9813513513513514","0.9813513513513514","0.9813513513513514","1","1","1"
"1751","0.9832432432432431","0.9832432432432431","0.9832432432432431","1","1","1"
"1753","0.984054054054054","0.984054054054054","0.984054054054054","1","1","1"
"1755","0.9778378378378376","0.9778378378378376","0.9778378378378376","1","1","1"
"1757","0.9848648648648646","0.9848648648648646","0.9848648648648646","1","1","1"
"1759","0.9843243243243242","0.9843243243243242","0.9843243243243242","1","1","1"
"1761","0.980810810810811","0.980810810810811","0.980810810810811","1","1","1"
"1763","0.9883783783783782","0.9883783783783782","0.9883783783783782","1","1","1"
"1765","0.9864864864864861","0.9864864864864861","0.9864864864864861","1","1","1"
"1767","0.9794594594594596","0.9794594594594596","0.9794594594594596","1","1","1"
"1769","0.9832432432432431","0.9832432432432431","0.9832432432432431","1","1","1"
"1771","0.9899999999999999","0.9899999999999999","0.9899999999999999","1","1","1"
"1773","0.981081081081081","0.981081081081081","0.981081081081081","1","1","1"
"1775","0.9810810810810806","0.9810810810810806","0.9810810810810806","1","1","1"
"1777","0.9827027027027027","0.9827027027027027","0.9827027027027027","1","1","1"
"1779","0.9859459459459459","0.9859459459459459","0.9859459459459459","1","1","1"
"1781","0.9864864864864863","0.9864864864864863","0.9864864864864863","1","1","1"
"1783","0.986486486486486","0.986486486486486","0.986486486486486","1","1","1"
"1785","0.986216216216216","0.986216216216216","0.986216216216216","1","1","1"
"1787","0.9878378378378375","0.9878378378378375","0.9878378378378375","1","1","1"
"1789","0.9856756756756755","0.9856756756756755","0.9856756756756755","1","1","1"
"1791","0.9848648648648648","0.9848648648648648","0.9848648648648648","1","1","1"
"1793","0.984054054054054","0.984054054054054","0.984054054054054","1","1","1"
"1795","0.9808108108108106","0.9808108108108106","0.9808108108108106","1","1","1"
"1797","0.9802702702702699","0.9802702702702699","0.9802702702702699","1","1","1"
"1799","0.9797297297297295","0.9797297297297295","0.9797297297297295","1","1","1"
"1801","0.9837837837837835","0.9837837837837835","0.9837837837837835","1","1","1"
"1803","0.9797297297297295","0.9797297297297295","0.9797297297297295","1","1","1"
"1805","0.9832432432432433","0.9832432432432433","0.9832432432432433","1","1","1"
"1807","0.9816216216216215","0.9816216216216215","0.9816216216216215","1","1","1"
"1809","0.9821621621621619","0.9821621621621619","0.9821621621621619","1","1","1"
"1811","0.9848648648648648","0.9848648648648648","0.9848648648648648","1","1","1"
"1813","0.984054054054054","0.984054054054054","0.984054054054054","1","1","1"
"1815","0.9789189189189185","0.9789189189189185","0.9789189189189185","1","1","1"
"1817","0.9802702702702704","0.9802702702702704","0.9802702702702704","1","1","1"
"1819","0.9854054054054052","0.9854054054054052","0.9854054054054052","1","1","1"
"1821","0.9821621621621622","0.9821621621621622","0.9821621621621622","1","1","1"
"1823","0.9835135135135133","0.9835135135135133","0.9835135135135133","1","1","1"
"1825","0.9848648648648646","0.9848648648648646","0.9848648648648646","1","1","1"
"1827","0.9832432432432427","0.9832432432432427","0.9832432432432427","1","1","1"
"1829","0.9837837837837837","0.9837837837837837","0.9837837837837837","1","1","1"
"1831","0.9800000000000003","0.9800000000000003","0.9800000000000003","1","1","1"
"1833","0.9799999999999998","0.9799999999999998","0.9799999999999998","1","1","1"
"1835","0.9797297297297295","0.9797297297297295","0.9797297297297295","1","1","1"
"1837","0.981351351351351","0.981351351351351","0.981351351351351","1","1","1"
"1839","0.9872972972972968","0.9872972972972968","0.9872972972972968","1","1","1"
"1841","0.9851351351351351","0.9851351351351351","0.9851351351351351","1","1","1"
"1843","0.9808108108108108","0.9808108108108108","0.9808108108108108","1","1","1"
"1845","0.9851351351351348","0.9851351351351348","0.9851351351351348","1","1","1"
"1847","0.9848648648648648","0.9848648648648648","0.9848648648648648","1","1","1"
"1849","0.9856756756756756","0.9856756756756756","0.9856756756756756","1","1","1"
"1851","0.9818918918918921","0.9818918918918921","0.9818918918918921","1","1","1"
"1853","0.9805405405405404","0.9805405405405404","0.9805405405405404","1","1","1"
"1855","0.9835135135135131","0.9835135135135131","0.9835135135135131","1","1","1"
"1857","0.9864864864864861","0.9864864864864861","0.9864864864864861","1","1","1"
"1859","0.982162162162162","0.982162162162162","0.982162162162162","1","1","1"
"1861","0.9816216216216213","0.9816216216216213","0.9816216216216213","1","1","1"
"1863","0.9835135135135131","0.9835135135135131","0.9835135135135131","1","1","1"
"1865","0.9851351351351351","0.9851351351351351","0.9851351351351351","1","1","1"
"1867","0.9845945945945944","0.9845945945945944","0.9845945945945944","1","1","1"
"1869","0.9845945945945946","0.9845945945945946","0.9845945945945946","1","1","1"
"1871","0.9864864864864865","0.9864864864864865","0.9864864864864865","1","1","1"
"1873","0.9837837837837835","0.9837837837837835","0.9837837837837835","1","1","1"
"1875","0.9854054054054052","0.9854054054054052","0.9854054054054052","1","1","1"
"1877","0.987297297297297","0.987297297297297","0.987297297297297","1","1","1"
"1879","0.9816216216216216","0.9816216216216216","0.9816216216216216","1","1","1"
"1881","0.9837837837837837","0.9837837837837837","0.9837837837837837","1","1","1"
"1883","0.9835135135135131","0.9835135135135131","0.9835135135135131","1","1","1"
"1885","0.9840540540540541","0.9840540540540541","0.9840540540540541","1","1","1"
"1887","0.9856756756756756","0.9856756756756756","0.9856756756756756","1","1","1"
"1889","0.9835135135135136","0.9835135135135136","0.9835135135135136","1","1","1"
"1891","0.9848648648648646","0.9848648648648646","0.9848648648648646","1","1","1"
"1893","0.9872972972972971","0.9872972972972971","0.9872972972972971","1","1","1"
"1895","0.987297297297297","0.987297297297297","0.987297297297297","1","1","1"
"1897","0.9813513513513514","0.9813513513513514","0.9813513513513514","1","1","1"
"1899","0.9870270270270269","0.9870270270270269","0.9870270270270269","1","1","1"
"1901","0.9870270270270265","0.9870270270270265","0.9870270270270265","1","1","1"
"1903","0.9818918918918916","0.9818918918918916","0.9818918918918916","1","1","1"
"1905","0.9808108108108106","0.9808108108108106","0.9808108108108106","1","1","1"
"1907","0.9878378378378375","0.9878378378378375","0.9878378378378375","1","1","1"
"1909","0.9851351351351351","0.9851351351351351","0.9851351351351351","1","1","1"
"1911","0.9854054054054057","0.9854054054054057","0.9854054054054057","1","1","1"
"1913","0.9810810810810808","0.9810810810810808","0.9810810810810808","1","1","1"
"1915","0.9829729729729727","0.9829729729729727","0.9829729729729727","1","1","1"
"1917","0.9818918918918916","0.9818918918918916","0.9818918918918916","1","1","1"
"1919","0.981621621621621","0.981621621621621","0.981621621621621","1","1","1"
"1921","0.9845945945945944","0.9845945945945944","0.9845945945945944","1","1","1"
"1923","0.9824324324324321","0.9824324324324321","0.9824324324324321","1","1","1"
"1925","0.9816216216216215","0.9816216216216215","0.9816216216216215","1","1","1"
"1927","0.9862162162162159","0.9862162162162159","0.9862162162162159","1","1","1"
"1929","0.9883783783783782","0.9883783783783782","0.9883783783783782","1","1","1"
"1931","0.9856756756756755","0.9856756756756755","0.9856756756756755","1","1","1"
"1933","0.9851351351351351","0.9851351351351351","0.9851351351351351","1","1","1"
"1935","0.9845945945945946","0.9845945945945946","0.9845945945945946","1","1","1"
"1937","0.9832432432432431","0.9832432432432431","0.9832432432432431","1","1","1"
"1939","0.9875675675675674","0.9875675675675674","0.9875675675675674","1","1","1"
"1941","0.9829729729729733","0.9829729729729733","0.9829729729729733","1","1","1"
"1943","0.9851351351351351","0.9851351351351351","0.9851351351351351","1","1","1"
"1945","0.9864864864864863","0.9864864864864863","0.9864864864864863","1","1","1"
"1947","0.9878378378378375","0.9878378378378375","0.9878378378378375","1","1","1"
"1949","0.9875675675675674","0.9875675675675674","0.9875675675675674","1","1","1"
"1951","0.9827027027027025","0.9827027027027025","0.9827027027027025","1","1","1"
"1953","0.9859459459459456","0.9859459459459456","0.9859459459459456","1","1","1"
"1955","0.986216216216216","0.986216216216216","0.986216216216216","1","1","1"
"1957","0.984054054054054","0.984054054054054","0.984054054054054","1","1","1"
"1959","0.9875675675675674","0.9875675675675674","0.9875675675675674","1","1","1"
"1961","0.981351351351351","0.981351351351351","0.981351351351351","1","1","1"
"1963","0.9837837837837837","0.9837837837837837","0.9837837837837837","1","1","1"
"1965","0.9859459459459456","0.9859459459459456","0.9859459459459456","1","1","1"
"1967","0.9824324324324323","0.9824324324324323","0.9824324324324323","1","1","1"
"1969","0.9837837837837837","0.9837837837837837","0.9837837837837837","1","1","1"
"1971","0.9840540540540538","0.9840540540540538","0.9840540540540538","1","1","1"
"1973","0.9859459459459456","0.9859459459459456","0.9859459459459456","1","1","1"
"1975","0.9813513513513514","0.9813513513513514","0.9813513513513514","1","1","1"
"1977","0.9889189189189188","0.9889189189189188","0.9889189189189188","1","1","1"
"1979","0.9843243243243242","0.9843243243243242","0.9843243243243242","1","1","1"
"1981","0.9827027027027023","0.9827027027027023","0.9827027027027023","1","1","1"
"1983","0.981351351351351","0.981351351351351","0.981351351351351","1","1","1"
"1985","0.9772972972972974","0.9772972972972974","0.9772972972972974","1","1","1"
"1987","0.984324324324324","0.984324324324324","0.984324324324324","1","1","1"
"1989","0.9913513513513513","0.9913513513513513","0.9913513513513513","1","1","1"
"1991","0.9832432432432431","0.9832432432432431","0.9832432432432431","1","1","1"
"1993","0.9856756756756755","0.9856756756756755","0.9856756756756755","1","1","1"
"1995","0.9854054054054052","0.9854054054054052","0.9854054054054052","1","1","1"
"1997","0.9837837837837835","0.9837837837837835","0.9837837837837835","1","1","1"
"1999","0.9843243243243242","0.9843243243243242","0.9843243243243242","1","1","1"