audio_16block,Epoch,peachy-resonance-2 - train_accuracy__MAX,val_accuracy,,audio_8block,Epoch,peachy-resonance-2 - train_accuracy__MAX,val_accuracy,,audio_16block,Epoch,peachy-resonance-2 - train_accuracy__MAX,val_accuracy,,audio_8block,Epoch,peachy-resonance-2 - train_accuracy__MAX,val_accuracy
,1,0.513408042,0.52,,,1,0.513408042,0.52,,,1,0.513408042,0.52,,,1,0.513408042,0.52
,2,0.519077126,0.555121951,,,2,0.518075148,0.513170732,,,100,0.710982202,0.747317073,,,100,0.644034278,0.709268293
,3,0.521318392,0.530731707,,,3,0.519261701,0.51804878,,,200,0.784627554,0.795121951,,,200,0.72474621,0.75804878
,4,0.526381015,0.501463415,,,4,0.520685564,0.505365854,,,300,0.82225445,0.84195122,,,300,0.761344759,0.791219512
,5,0.529624258,0.529756098,,,5,0.523032301,0.503414634,,,400,0.850705339,0.855609756,,,400,0.790454845,0.788292683
,6,0.532313777,0.540487805,,,6,0.523928807,0.510243902,,,500,0.865814107,0.862439024,,,500,0.807435728,0.788292683
,7,0.533526697,0.540487805,,,7,0.526117337,0.501463415,,,600,0.87343441,0.874146341,,,600,0.817165458,0.80195122
,8,0.536110745,0.524878049,,,8,0.526117337,0.500487805,,,700,0.884218853,0.868292683,,,700,0.829321028,0.809756098
,9,0.54006592,0.550243902,,,9,0.52595913,0.503414634,,,800,0.888859591,0.871219512,,,800,0.834937376,0.807804878
,10,0.539143045,0.55902439,,,10,0.526671061,0.512195122,,,900,0.893263019,0.886829268,,,900,0.84097561,0.811707317
,11,0.541384311,0.55804878,,,11,0.529756098,0.52,,,999,0.892577456,0.883902439,,,999,0.841133817,0.815609756
,12,0.543520105,0.591219512,,,12,0.530309822,0.504390244,,,,,,,,,,
,13,0.544970336,0.569756098,,,13,0.530784443,0.516097561,,,,,,,,,,
,14,0.545339486,0.542439024,,,14,0.530309822,0.503414634,,,,,,,,,,
,15,0.545392221,0.548292683,,,15,0.531285432,0.523902439,,,,,,,,,,
,16,0.547712591,0.546341463,,,16,0.532340145,0.503414634,,,,,,,,,,
,17,0.548292683,0.543414634,,,17,0.532972973,0.502439024,,,,,,,,,,
,18,0.550006592,0.568780488,,,18,0.535266974,0.509268293,,,,,,,,,,
,19,0.550454845,0.55804878,,,19,0.535082399,0.500487805,,,,,,,,,,
,20,0.553777192,0.542439024,,,20,0.536084377,0.507317073,,,,,,,,,,
,21,0.555411997,0.52,,,21,0.537218194,0.517073171,,,,,,,,,,
,22,0.557969677,0.505365854,,,22,0.538747528,0.523902439,,,,,,,,,,
,23,0.556967699,0.512195122,,,23,0.540355966,0.505365854,,,,,,,,,,
,24,0.560896506,0.504390244,,,24,0.541199736,0.517073171,,,,,,,,,,
,25,0.562083059,0.515121951,,,25,0.542676335,0.51902439,,,,,,,,,,
,26,0.561898484,0.526829268,,,26,0.543230059,0.515121951,,,,,,,,,,
,27,0.568226763,0.564878049,,,27,0.544021094,0.529756098,,,,,,,,,,
,28,0.5705735,0.537560976,,,28,0.546420567,0.52097561,,,,,,,,,,
,29,0.574159525,0.578536585,,,29,0.544601187,0.51804878,,,,,,,,,,
,30,0.576585366,0.577560976,,,30,0.547000659,0.508292683,,,,,,,,,,
,31,0.576717205,0.553170732,,,31,0.547211602,0.51902439,,,,,,,,,,
,32,0.580197759,0.562926829,,,32,0.550191167,0.536585366,,,,,,,,,,
,33,0.579617666,0.573658537,,,33,0.5486882,0.537560976,,,,,,,,,,
,34,0.586077785,0.590243902,,,34,0.553276203,0.541463415,,,,,,,,,,
,35,0.589321028,0.610731707,,,35,0.554172709,0.532682927,,,,,,,,,,
,36,0.588371786,0.615609756,,,36,0.555464733,0.533658537,,,,,,,,,,
,37,0.591377719,0.597073171,,,37,0.553460778,0.538536585,,,,,,,,,,
,38,0.598154252,0.587317073,,,38,0.559367172,0.546341463,,,,,,,,,,
,39,0.596361239,0.607804878,,,39,0.559367172,0.570731707,,,,,,,,,,
,40,0.603928807,0.605853659,,,40,0.56413975,0.56,,,,,,,,,,
,41,0.60255768,0.575609756,,,41,0.564508899,0.565853659,,,,,,,,,,
,42,0.604034278,0.550243902,,,42,0.564403428,0.56097561,,,,,,,,,,
,43,0.606222808,0.571707317,,,43,0.565800923,0.564878049,,,,,,,,,,
,44,0.607883982,0.584390244,,,44,0.567303889,0.556097561,,,,,,,,,,
,45,0.613236651,0.591219512,,,45,0.569202373,0.533658537,,,,,,,,,,
,46,0.611628214,0.586341463,,,46,0.568727752,0.537560976,,,,,,,,,,
,47,0.615029664,0.55804878,,,47,0.571496374,0.526829268,,,,,,,,,,
,48,0.622201714,0.59902439,,,48,0.574185893,0.533658537,,,,,,,,,,
,49,0.620435069,0.579512195,,,49,0.574502307,0.540487805,,,,,,,,,,
,50,0.625787739,0.572682927,,,50,0.578272907,0.562926829,,,,,,,,,,
,51,0.631483191,0.591219512,,,51,0.58249176,0.55902439,,,,,,,,,,
,52,0.632432432,0.6,,,52,0.585023072,0.580487805,,,,,,,,,,
,53,0.634199077,0.607804878,,,53,0.583520105,0.573658537,,,,,,,,,,
,54,0.63525379,0.632195122,,,54,0.586288728,0.572682927,,,,,,,,,,
,55,0.63757416,0.587317073,,,55,0.586025049,0.55804878,,,,,,,,,,
,56,0.637231378,0.612682927,,,56,0.584363876,0.573658537,,,,,,,,,,
,57,0.640316414,0.617560976,,,57,0.586025049,0.568780488,,,,,,,,,,
,58,0.641292024,0.635121951,,,58,0.588398154,0.583414634,,,,,,,,,,
,59,0.646038233,0.631219512,,,59,0.588108108,0.59804878,,,,,,,,,,
,60,0.649545155,0.629268293,,,60,0.594937376,0.582439024,,,,,,,,,,
,61,0.652419249,0.649756098,,,61,0.596203032,0.578536585,,,,,,,,,,
,62,0.656189848,0.619512195,,,62,0.598022413,0.578536585,,,,,,,,,,
,63,0.654291365,0.608780488,,,63,0.59939354,0.569756098,,,,,,,,,,
,64,0.652366513,0.631219512,,,64,0.596150297,0.573658537,,,,,,,,,,
,65,0.65410679,0.64,,,65,0.597758734,0.587317073,,,,,,,,,,
,66,0.656189848,0.651707317,,,66,0.599815425,0.6,,,,,,,,,,
,67,0.657481872,0.628292683,,,67,0.60340145,0.606829268,,,,,,,,,,
,68,0.658352011,0.659512195,,,68,0.603085036,0.610731707,,,,,,,,,,
,69,0.659986816,0.619512195,,,69,0.601344759,0.582439024,,,,,,,,,,
,70,0.658932103,0.632195122,,,70,0.600105471,0.605853659,,,,,,,,,,
,71,0.663441002,0.659512195,,,71,0.603796968,0.596097561,,,,,,,,,,
,72,0.671456823,0.650731707,,,72,0.608859591,0.59804878,,,,,,,,,,
,73,0.663625577,0.64097561,,,73,0.607673039,0.59804878,,,,,,,,,,
,74,0.674357284,0.651707317,,,74,0.61276203,0.603902439,,,,,,,,,,
,75,0.670771259,0.667317073,,,75,0.610520765,0.618536585,,,,,,,,,,
,76,0.675728411,0.683902439,,,76,0.613816744,0.620487805,,,,,,,,,,
,77,0.677178642,0.701463415,,,77,0.614238629,0.626341463,,,,,,,,,,
,78,0.681502966,0.691707317,,,78,0.61713909,0.603902439,,,,,,,,,,
,79,0.685220831,0.660487805,,,79,0.621437047,0.60195122,,,,,,,,,,
,80,0.683981543,0.683902439,,,80,0.623256427,0.586341463,,,,,,,,,,
,81,0.68693474,0.661463415,,,81,0.621147001,0.604878049,,,,,,,,,,
,82,0.686539222,0.68097561,,,82,0.625023072,0.6,,,,,,,,,,
,83,0.693183916,0.699512195,,,83,0.630085695,0.616585366,,,,,,,,,,
,84,0.686539222,0.688780488,,,84,0.624100198,0.633170732,,,,,,,,,,
,85,0.687330257,0.700487805,,,85,0.625576796,0.624390244,,,,,,,,,,
,86,0.69276203,0.723902439,,,86,0.63100857,0.647804878,,,,,,,,,,
,87,0.697824654,0.708292683,,,87,0.637600527,0.650731707,,,,,,,,,,
,88,0.698352011,0.723902439,,,88,0.638681608,0.643902439,,,,,,,,,,
,89,0.704126566,0.730731707,,,89,0.64195122,0.652682927,,,,,,,,,,
,90,0.69969677,0.706341463,,,90,0.637916941,0.642926829,,,,,,,,,,
,91,0.698562953,0.732682927,,,91,0.637099539,0.64,,,,,,,,,,
,92,0.699828609,0.743414634,,,92,0.636018457,0.643902439,,,,,,,,,,
,93,0.697719183,0.734634146,,,93,0.633091628,0.644878049,,,,,,,,,,
,94,0.701568886,0.755121951,,,94,0.641371127,0.670243902,,,,,,,,,,
,95,0.700988794,0.724878049,,,95,0.641107449,0.658536585,,,,,,,,,,
,96,0.7056559,0.729756098,,,96,0.643506922,0.654634146,,,,,,,,,,
,97,0.708134476,0.743414634,,,97,0.645009888,0.659512195,,,,,,,,,,
,98,0.712089651,0.749268293,,,98,0.647804878,0.674146341,,,,,,,,,,
,99,0.707791694,0.743414634,,,99,0.644429796,0.687804878,,,,,,,,,,
,100,0.710982202,0.747317073,,,100,0.644034278,0.709268293,,,,,,,,,,
,101,0.713592617,0.727804878,,,101,0.647277521,0.673170732,,,,,,,,,,
,102,0.710586684,0.722926829,,,102,0.648174028,0.669268293,,,,,,,,,,
,103,0.713091628,0.735609756,,,103,0.646354647,0.671219512,,,,,,,,,,
,104,0.717468688,0.740487805,,,104,0.652129202,0.689756098,,,,,,,,,,
,105,0.714251813,0.723902439,,,105,0.651285432,0.671219512,,,,,,,,,,
,106,0.716255768,0.736585366,,,106,0.652471984,0.696585366,,,,,,,,,,
,107,0.717152274,0.757073171,,,107,0.654080422,0.682926829,,,,,,,,,,
,108,0.717363217,0.732682927,,,108,0.651786421,0.686829268,,,,,,,,,,
,109,0.716413975,0.710243902,,,109,0.651839156,0.657560976,,,,,,,,,,
,110,0.719525379,0.740487805,,,110,0.656163481,0.670243902,,,,,,,,,,
,111,0.723480554,0.735609756,,,111,0.660593276,0.669268293,,,,,,,,,,
,112,0.722056691,0.756097561,,,112,0.661199736,0.699512195,,,,,,,,,,
,113,0.724508899,0.751219512,,,113,0.662544496,0.675121951,,,,,,,,,,
,114,0.717943309,0.723902439,,,114,0.656796309,0.657560976,,,,,,,,,,
,115,0.729545155,0.735609756,,,115,0.663493738,0.674146341,,,,,,,,,,
,116,0.725431773,0.742439024,,,116,0.661806196,0.674146341,,,,,,,,,,
,117,0.726038233,0.737560976,,,117,0.663941991,0.686829268,,,,,,,,,,
,118,0.72814766,0.752195122,,,118,0.667580751,0.712195122,,,,,,,,,,
,119,0.725827291,0.745365854,,,119,0.663071852,0.714146341,,,,,,,,,,
,120,0.731048121,0.766829268,,,120,0.666947924,0.708292683,,,,,,,,,,
,121,0.733078444,0.766829268,,,121,0.669953856,0.72097561,,,,,,,,,,
,122,0.727883982,0.76,,,122,0.665735003,0.717073171,,,,,,,,,,
,123,0.728121292,0.741463415,,,123,0.66663151,0.689756098,,,,,,,,,,
,124,0.729492419,0.751219512,,,124,0.666077785,0.677073171,,,,,,,,,,
,125,0.735187871,0.756097561,,,125,0.672063283,0.696585366,,,,,,,,,,
,126,0.739854977,0.750243902,,,126,0.676519446,0.687804878,,,,,,,,,,
,127,0.738984838,0.770731707,,,127,0.677099539,0.690731707,,,,,,,,,,
,128,0.738984838,0.764878049,,,128,0.676545814,0.693658537,,,,,,,,,,
,129,0.743810152,0.774634146,,,129,0.68036915,0.690731707,,,,,,,,,,
,130,0.741990771,0.771707317,,,130,0.679525379,0.706341463,,,,,,,,,,
,131,0.743203691,0.769756098,,,131,0.681845748,0.701463415,,,,,,,,,,
,132,0.741305208,0.789268293,,,132,0.680263678,0.699512195,,,,,,,,,,
,133,0.743994726,0.802926829,,,133,0.680553724,0.709268293,,,,,,,,,,
,134,0.744047462,0.781463415,,,134,0.682636783,0.706341463,,,,,,,,,,
,135,0.742623599,0.773658537,,,135,0.678892551,0.709268293,,,,,,,,,,
,136,0.742307185,0.777560976,,,136,0.677363217,0.700487805,,,,,,,,,,
,137,0.745234015,0.775609756,,,137,0.682135794,0.713170732,,,,,,,,,,
,138,0.747396177,0.797073171,,,138,0.683612393,0.727804878,,,,,,,,,,
,139,0.748767304,0.811707317,,,139,0.684482531,0.730731707,,,,,,,,,,
,140,0.749030982,0.80097561,,,140,0.685299934,0.723902439,,,,,,,,,,
,141,0.750955834,0.793170732,,,141,0.68717205,0.706341463,,,,,,,,,,
,142,0.749347396,0.785365854,,,142,0.686987475,0.706341463,,,,,,,,,,
,143,0.750323006,0.780487805,,,143,0.685721819,0.71804878,,,,,,,,,,
,144,0.745682268,0.765853659,,,144,0.680922874,0.685853659,,,,,,,,,,
,145,0.750243902,0.768780488,,,145,0.686328279,0.708292683,,,,,,,,,,
,146,0.751061305,0.806829268,,,146,0.687303889,0.736585366,,,,,,,,,,
,147,0.752907053,0.814634146,,,147,0.688094924,0.72195122,,,,,,,,,,
,148,0.754172709,0.790243902,,,148,0.691021753,0.728780488,,,,,,,,,,
,149,0.751483191,0.813658537,,,149,0.687145682,0.741463415,,,,,,,,,,
,150,0.749452868,0.793170732,,,150,0.689096902,0.736585366,,,,,,,,,,
,151,0.757600527,0.784390244,,,151,0.693183916,0.709268293,,,,,,,,,,
,152,0.758707976,0.79902439,,,152,0.699011206,0.72,,,,,,,,,,
,153,0.753487146,0.777560976,,,153,0.692972973,0.72,,,,,,,,,,
,154,0.759604483,0.79902439,,,154,0.696875412,0.71804878,,,,,,,,,,
,155,0.765985498,0.806829268,,,155,0.702359921,0.732682927,,,,,,,,,,
,156,0.755886618,0.80195122,,,156,0.694924192,0.729756098,,,,,,,,,,
,157,0.760580092,0.805853659,,,157,0.700962426,0.726829268,,,,,,,,,,
,158,0.758365194,0.808780488,,,158,0.696268952,0.730731707,,,,,,,,,,
,159,0.758945287,0.778536585,,,159,0.697323665,0.703414634,,,,,,,,,,
,160,0.760210943,0.79902439,,,160,0.699406724,0.72,,,,,,,,,,
,161,0.763823336,0.79804878,,,161,0.700566908,0.725853659,,,,,,,,,,
,162,0.763691496,0.797073171,,,162,0.702069875,0.72,,,,,,,,,,
,163,0.760316414,0.813658537,,,163,0.698141068,0.722926829,,,,,,,,,,
,164,0.764772577,0.794146341,,,164,0.702966381,0.71804878,,,,,,,,,,
,165,0.760158207,0.782439024,,,165,0.699063942,0.710243902,,,,,,,,,,
,166,0.761107449,0.792195122,,,166,0.699485827,0.723902439,,,,,,,,,,
,167,0.763375082,0.787317073,,,167,0.700856955,0.735609756,,,,,,,,,,
,168,0.765009888,0.80195122,,,168,0.703546473,0.745365854,,,,,,,,,,
,169,0.767382993,0.795121951,,,169,0.706315096,0.743414634,,,,,,,,,,
,170,0.763032301,0.811707317,,,170,0.702649967,0.735609756,,,,,,,,,,
,171,0.767620303,0.807804878,,,171,0.704363876,0.737560976,,,,,,,,,,
,172,0.770362558,0.818536585,,,172,0.706736981,0.735609756,,,,,,,,,,
,173,0.771021753,0.823414634,,,173,0.707923533,0.753170732,,,,,,,,,,
,174,0.769545155,0.815609756,,,174,0.708398154,0.745365854,,,,,,,,,,
,175,0.772313777,0.823414634,,,175,0.709083718,0.730731707,,,,,,,,,,
,176,0.770177983,0.807804878,,,176,0.708609097,0.739512195,,,,,,,,,,
,177,0.770125247,0.804878049,,,177,0.709742914,0.730731707,,,,,,,,,,
,178,0.770046144,0.807804878,,,178,0.708371786,0.726829268,,,,,,,,,,
,179,0.77336849,0.804878049,,,179,0.712617007,0.728780488,,,,,,,,,,
,180,0.774185893,0.787317073,,,180,0.711588662,0.722926829,,,,,,,,,,
,181,0.776875412,0.79804878,,,181,0.712854318,0.743414634,,,,,,,,,,
,182,0.778061964,0.809756098,,,182,0.714700066,0.751219512,,,,,,,,,,
,183,0.77750824,0.806829268,,,183,0.715939354,0.751219512,,,,,,,,,,
,184,0.776453527,0.824390244,,,184,0.714831905,0.756097561,,,,,,,,,,
,185,0.775583388,0.816585366,,,185,0.713909031,0.748292683,,,,,,,,,,
,186,0.776638102,0.79902439,,,186,0.716255768,0.743414634,,,,,,,,,,
,187,0.7781147,0.788292683,,,187,0.717732367,0.76097561,,,,,,,,,,
,188,0.778035597,0.790243902,,,188,0.717231378,0.755121951,,,,,,,,,,
,189,0.779512195,0.766829268,,,189,0.717600527,0.745365854,,,,,,,,,,
,190,0.777771918,0.780487805,,,190,0.715596572,0.741463415,,,,,,,,,,
,191,0.779538563,0.790243902,,,191,0.71599209,0.741463415,,,,,,,,,,
,192,0.777613711,0.786341463,,,192,0.718707976,0.736585366,,,,,,,,,,
,193,0.77969677,0.8,,,193,0.720685564,0.741463415,,,,,,,,,,
,194,0.779512195,0.80195122,,,194,0.718813448,0.736585366,,,,,,,,,,
,195,0.780435069,0.808780488,,,195,0.720711931,0.756097561,,,,,,,,,,
,196,0.783388266,0.804878049,,,196,0.722742254,0.766829268,,,,,,,,,,
,197,0.781806196,0.814634146,,,197,0.719208965,0.773658537,,,,,,,,,,
,198,0.781621622,0.806829268,,,198,0.718576137,0.763902439,,,,,,,,,,
,199,0.787976269,0.791219512,,,199,0.726855636,0.756097561,,,,,,,,,,
,200,0.784627554,0.795121951,,,200,0.72474621,0.75804878,,,,,,,,,,
,201,0.782307185,0.787317073,,,201,0.721107449,0.768780488,,,,,,,,,,
,202,0.780540541,0.783414634,,,202,0.721265656,0.769756098,,,,,,,,,,
,203,0.78407383,0.811707317,,,203,0.724113382,0.772682927,,,,,,,,,,
,204,0.788635465,0.827317073,,,204,0.727620303,0.76195122,,,,,,,,,,
,205,0.788292683,0.809756098,,,205,0.725932762,0.762926829,,,,,,,,,,
,206,0.788108108,0.818536585,,,206,0.725827291,0.752195122,,,,,,,,,,
,207,0.789136454,0.823414634,,,207,0.726671061,0.764878049,,,,,,,,,,
,208,0.789584707,0.803902439,,,208,0.726961107,0.76195122,,,,,,,,,,
,209,0.786183256,0.791219512,,,209,0.724825313,0.739512195,,,,,,,,,,
,210,0.787686223,0.807804878,,,210,0.726512854,0.755121951,,,,,,,,,,
,211,0.790112063,0.816585366,,,211,0.729571523,0.766829268,,,,,,,,,,
,212,0.791878708,0.830243902,,,212,0.731839156,0.774634146,,,,,,,,,,
,213,0.791166777,0.822439024,,,213,0.729176005,0.766829268,,,,,,,,,,
,214,0.793302571,0.819512195,,,214,0.732603823,0.762926829,,,,,,,,,,
,215,0.794093606,0.818536585,,,215,0.7313118,0.763902439,,,,,,,,,,
,216,0.788398154,0.807804878,,,216,0.72656559,0.770731707,,,,,,,,,,
,217,0.790586684,0.80097561,,,217,0.731601846,0.757073171,,,,,,,,,,
,218,0.790006592,0.80097561,,,218,0.732630191,0.76097561,,,,,,,,,,
,219,0.794093606,0.813658537,,,219,0.73410679,0.763902439,,,,,,,,,,
,220,0.793698088,0.79902439,,,220,0.733553065,0.76097561,,,,,,,,,,
,221,0.793856295,0.817560976,,,221,0.733025709,0.76097561,,,,,,,,,,
,222,0.793302571,0.822439024,,,222,0.733342123,0.75804878,,,,,,,,,,
,223,0.795965722,0.825365854,,,223,0.735135135,0.76195122,,,,,,,,,,
,224,0.791114041,0.806829268,,,224,0.730705339,0.76,,,,,,,,,,
,225,0.794225445,0.818536585,,,225,0.733210283,0.76195122,,,,,,,,,,
,226,0.796941332,0.813658537,,,226,0.735398813,0.753170732,,,,,,,,,,
,227,0.795596572,0.829268293,,,227,0.735266974,0.757073171,,,,,,,,,,
,228,0.796783125,0.823414634,,,228,0.735056032,0.773658537,,,,,,,,,,
,229,0.797257746,0.816585366,,,229,0.734818721,0.76195122,,,,,,,,,,
,230,0.797547792,0.803902439,,,230,0.734555043,0.766829268,,,,,,,,,,
,231,0.79659855,0.821463415,,,231,0.735609756,0.771707317,,,,,,,,,,
,232,0.796677653,0.822439024,,,232,0.73592617,0.767804878,,,,,,,,,,
,233,0.799103494,0.814634146,,,233,0.737270929,0.76,,,,,,,,,,
,234,0.798127884,0.813658537,,,234,0.737930125,0.752195122,,,,,,,,,,
,235,0.80195122,0.826341463,,,235,0.740276862,0.75902439,,,,,,,,,,
,236,0.799604483,0.820487805,,,236,0.738589321,0.769756098,,,,,,,,,,
,237,0.80279499,0.811707317,,,237,0.741120633,0.777560976,,,,,,,,,,
,238,0.801634806,0.824390244,,,238,0.74127884,0.775609756,,,,,,,,,,
,239,0.803005933,0.828292683,,,239,0.741568886,0.769756098,,,,,,,,,,
,240,0.803796968,0.824390244,,,240,0.741911668,0.756097561,,,,,,,,,,
,241,0.80158207,0.810731707,,,241,0.740355966,0.763902439,,,,,,,,,,
,242,0.801239288,0.817560976,,,242,0.740382334,0.763902439,,,,,,,,,,
,243,0.807092947,0.816585366,,,243,0.745524061,0.75804878,,,,,,,,,,
,244,0.80255768,0.820487805,,,244,0.742623599,0.746341463,,,,,,,,,,
,245,0.803928807,0.824390244,,,245,0.743599209,0.762926829,,,,,,,,,,
,246,0.805168095,0.813658537,,,246,0.744522083,0.76195122,,,,,,,,,,
,247,0.807989453,0.805853659,,,247,0.749030982,0.749268293,,,,,,,,,,
,248,0.805088991,0.80195122,,,248,0.743651945,0.756097561,,,,,,,,,,
,249,0.803322347,0.792195122,,,249,0.743256427,0.745365854,,,,,,,,,,
,250,0.804113382,0.807804878,,,250,0.742887278,0.76,,,,,,,,,,
,251,0.81033619,0.815609756,,,251,0.748477258,0.766829268,,,,,,,,,,
,252,0.804429796,0.824390244,,,252,0.742518128,0.763902439,,,,,,,,,,
,253,0.809545155,0.818536585,,,253,0.745339486,0.763902439,,,,,,,,,,
,254,0.807382993,0.812682927,,,254,0.747317073,0.775609756,,,,,,,,,,
,255,0.809466051,0.813658537,,,255,0.746657877,0.774634146,,,,,,,,,,
,256,0.806776533,0.83804878,,,256,0.747264338,0.767804878,,,,,,,,,,
,257,0.80972973,0.824390244,,,257,0.748714568,0.771707317,,,,,,,,,,
,258,0.810046144,0.831219512,,,258,0.750138431,0.762926829,,,,,,,,,,
,259,0.807277521,0.824390244,,,259,0.746367831,0.762926829,,,,,,,,,,
,260,0.810494397,0.834146341,,,260,0.7494265,0.767804878,,,,,,,,,,
,261,0.809386948,0.826341463,,,261,0.746526038,0.779512195,,,,,,,,,,
,262,0.812577456,0.835121951,,,262,0.748978247,0.783414634,,,,,,,,,,
,263,0.812208306,0.846829268,,,263,0.750428477,0.793170732,,,,,,,,,,
,264,0.811338167,0.848780488,,,264,0.750823995,0.794146341,,,,,,,,,,
,265,0.812287409,0.826341463,,,265,0.750771259,0.783414634,,,,,,,,,,
,266,0.809993408,0.822439024,,,266,0.749690178,0.774634146,,,,,,,,,,
,267,0.811812788,0.814634146,,,267,0.751193144,0.772682927,,,,,,,,,,
,268,0.811707317,0.830243902,,,268,0.750692156,0.774634146,,,,,,,,,,
,269,0.814871457,0.834146341,,,269,0.754568227,0.768780488,,,,,,,,,,
,270,0.811443639,0.822439024,,,270,0.749110086,0.777560976,,,,,,,,,,
,271,0.812498352,0.831219512,,,271,0.749822017,0.781463415,,,,,,,,,,
,272,0.810468029,0.83804878,,,272,0.749927488,0.776585366,,,,,,,,,,
,273,0.817112722,0.819512195,,,273,0.75380356,0.781463415,,,,,,,,,,
,274,0.816005274,0.83902439,,,274,0.75501648,0.786341463,,,,,,,,,,
,275,0.813289387,0.833170732,,,275,0.752010547,0.783414634,,,,,,,,,,
,276,0.814212261,0.84195122,,,276,0.752907053,0.785365854,,,,,,,,,,
,277,0.815425181,0.844878049,,,277,0.754594595,0.794146341,,,,,,,,,,
,278,0.813421226,0.824390244,,,278,0.7524588,0.778536585,,,,,,,,,,
,279,0.8181147,0.827317073,,,279,0.757310481,0.779512195,,,,,,,,,,
,280,0.821147001,0.816585366,,,280,0.760448253,0.784390244,,,,,,,,,,
,281,0.816189848,0.831219512,,,281,0.7562294,0.775609756,,,,,,,,,,
,282,0.815873434,0.820487805,,,282,0.756862228,0.774634146,,,,,,,,,,
,283,0.818905735,0.83804878,,,283,0.759050758,0.767804878,,,,,,,,,,
,284,0.817930125,0.83902439,,,284,0.756519446,0.780487805,,,,,,,,,,
,285,0.81872116,0.834146341,,,285,0.75683586,0.775609756,,,,,,,,,,
,286,0.817692815,0.858536585,,,286,0.755939354,0.781463415,,,,,,,,,,
,287,0.821911668,0.851707317,,,287,0.759920897,0.787317073,,,,,,,,,,
,288,0.819248517,0.865365854,,,288,0.759472643,0.785365854,,,,,,,,,,
,289,0.820250494,0.854634146,,,289,0.760553724,0.782439024,,,,,,,,,,
,290,0.819011206,0.83902439,,,290,0.758760712,0.775609756,,,,,,,,,,
,291,0.820329598,0.837073171,,,291,0.759789057,0.775609756,,,,,,,,,,
,292,0.822096243,0.830243902,,,292,0.761001978,0.771707317,,,,,,,,,,
,293,0.819617666,0.828292683,,,293,0.758866183,0.771707317,,,,,,,,,,
,294,0.819564931,0.826341463,,,294,0.759419908,0.773658537,,,,,,,,,,
,295,0.8218853,0.84195122,,,295,0.758259723,0.769756098,,,,,,,,,,
,296,0.820593276,0.835121951,,,296,0.760659196,0.773658537,,,,,,,,,,
,297,0.823783784,0.852682927,,,297,0.762531312,0.782439024,,,,,,,,,,
,298,0.82407383,0.850731707,,,298,0.762003955,0.767804878,,,,,,,,,,
,299,0.822913645,0.850731707,,,299,0.763375082,0.771707317,,,,,,,,,,
,300,0.82225445,0.84195122,,,300,0.761344759,0.791219512,,,,,,,,,,
,301,0.824759394,0.852682927,,,301,0.763480554,0.782439024,,,,,,,,,,
,302,0.822649967,0.832195122,,,302,0.761371127,0.783414634,,,,,,,,,,
,303,0.822043507,0.820487805,,,303,0.762135794,0.770731707,,,,,,,,,,
,304,0.821305208,0.821463415,,,304,0.760158207,0.781463415,,,,,,,,,,
,305,0.823361898,0.817560976,,,305,0.762610415,0.766829268,,,,,,,,,,
,306,0.826816084,0.842926829,,,306,0.767382993,0.774634146,,,,,,,,,,
,307,0.825102175,0.84195122,,,307,0.763427818,0.778536585,,,,,,,,,,
,308,0.827317073,0.83902439,,,308,0.76875412,0.772682927,,,,,,,,,,
,309,0.829479235,0.833170732,,,309,0.767567568,0.773658537,,,,,,,,,,
,310,0.823889255,0.834146341,,,310,0.762847726,0.769756098,,,,,,,,,,
,311,0.827659855,0.84195122,,,311,0.764508899,0.779512195,,,,,,,,,,
,312,0.825629532,0.859512195,,,312,0.763322347,0.783414634,,,,,,,,,,
,313,0.826025049,0.855609756,,,313,0.765220831,0.782439024,,,,,,,,,,
,314,0.828345419,0.84,,,314,0.768174028,0.782439024,,,,,,,,,,
,315,0.826341463,0.84,,,315,0.767356625,0.777560976,,,,,,,,,,
,316,0.828266315,0.843902439,,,316,0.767857614,0.777560976,,,,,,,,,,
,317,0.828187212,0.845853659,,,317,0.766987475,0.788292683,,,,,,,,,,
,318,0.827290705,0.844878049,,,318,0.767066579,0.790243902,,,,,,,,,,
,319,0.828239947,0.831219512,,,319,0.768938695,0.775609756,,,,,,,,,,
,320,0.827132498,0.831219512,,,320,0.767514832,0.778536585,,,,,,,,,,
,321,0.828319051,0.854634146,,,321,0.766961107,0.785365854,,,,,,,,,,
,322,0.826605142,0.847804878,,,322,0.767330257,0.774634146,,,,,,,,,,
,323,0.82905735,0.84097561,,,323,0.768965063,0.791219512,,,,,,,,,,
,324,0.831324984,0.83804878,,,324,0.771021753,0.785365854,,,,,,,,,,
,325,0.827369809,0.834146341,,,325,0.767092947,0.776585366,,,,,,,,,,
,326,0.832854318,0.83902439,,,326,0.772656559,0.782439024,,,,,,,,,,
,327,0.828055372,0.827317073,,,327,0.769703362,0.769756098,,,,,,,,,,
,328,0.828661833,0.84195122,,,328,0.768332235,0.768780488,,,,,,,,,,
,329,0.832643375,0.830243902,,,329,0.770837179,0.780487805,,,,,,,,,,
,330,0.8294265,0.842926829,,,330,0.769255109,0.772682927,,,,,,,,,,
,331,0.831034937,0.84195122,,,331,0.771390903,0.785365854,,,,,,,,,,
,332,0.834937376,0.84195122,,,332,0.772287409,0.782439024,,,,,,,,,,
,333,0.831825972,0.831219512,,,333,0.771522742,0.777560976,,,,,,,,,,
,334,0.832247858,0.828292683,,,334,0.772050099,0.777560976,,,,,,,,,,
,335,0.832010547,0.827317073,,,335,0.771285432,0.776585366,,,,,,,,,,
,336,0.832089651,0.833170732,,,336,0.770705339,0.773658537,,,,,,,,,,
,337,0.83586025,0.836097561,,,337,0.773684904,0.766829268,,,,,,,,,,
,338,0.833249835,0.829268293,,,338,0.773104812,0.765853659,,,,,,,,,,
,339,0.83404087,0.835121951,,,339,0.772498352,0.764878049,,,,,,,,,,
,340,0.825735003,0.827317073,,,340,0.765616348,0.774634146,,,,,,,,,,
,341,0.835148319,0.846829268,,,341,0.77313118,0.779512195,,,,,,,,,,
,342,0.833618985,0.827317073,,,342,0.773236651,0.76195122,,,,,,,,,,
,343,0.834911009,0.824390244,,,343,0.773263019,0.762926829,,,,,,,,,,
,344,0.834805537,0.827317073,,,344,0.773579433,0.75902439,,,,,,,,,,
,345,0.833302571,0.831219512,,,345,0.773421226,0.768780488,,,,,,,,,,
,346,0.834937376,0.837073171,,,346,0.774212261,0.784390244,,,,,,,,,,
,347,0.836914964,0.828292683,,,347,0.775820699,0.780487805,,,,,,,,,,
,348,0.83404087,0.823414634,,,348,0.773843111,0.786341463,,,,,,,,,,
,349,0.833618985,0.83902439,,,349,0.772893869,0.779512195,,,,,,,,,,
,350,0.837178642,0.828292683,,,350,0.776769941,0.777560976,,,,,,,,,,
,351,0.836387607,0.848780488,,,351,0.778431114,0.777560976,,,,,,,,,,
,352,0.838075148,0.850731707,,,352,0.77690178,0.775609756,,,,,,,,,,
,353,0.839499011,0.829268293,,,353,0.777982861,0.771707317,,,,,,,,,,
,354,0.839841793,0.832195122,,,354,0.778958471,0.778536585,,,,,,,,,,
,355,0.840527357,0.845853659,,,355,0.77848385,0.782439024,,,,,,,,,,
,356,0.837415953,0.84097561,,,356,0.776849044,0.784390244,,,,,,,,,,
,357,0.837600527,0.84195122,,,357,0.777455504,0.784390244,,,,,,,,,,
,358,0.839340804,0.854634146,,,358,0.776479895,0.784390244,,,,,,,,,,
,359,0.836914964,0.827317073,,,359,0.778800264,0.784390244,,,,,,,,,,
,360,0.840105471,0.825365854,,,360,0.780355966,0.773658537,,,,,,,,,,
,361,0.840553724,0.84,,,361,0.778984838,0.783414634,,,,,,,,,,
,362,0.84400791,0.83902439,,,362,0.782386289,0.780487805,,,,,,,,,,
,363,0.839815425,0.848780488,,,363,0.778694792,0.782439024,,,,,,,,,,
,364,0.840500989,0.852682927,,,364,0.778852999,0.778536585,,,,,,,,,,
,365,0.843137772,0.843902439,,,365,0.781199736,0.784390244,,,,,,,,,,
,366,0.83818062,0.828292683,,,366,0.778220171,0.776585366,,,,,,,,,,
,367,0.840395517,0.833170732,,,367,0.779591299,0.779512195,,,,,,,,,,
,368,0.839578115,0.84195122,,,368,0.779591299,0.786341463,,,,,,,,,,
,369,0.841608438,0.834146341,,,369,0.780408701,0.784390244,,,,,,,,,,
,370,0.844060646,0.827317073,,,370,0.784838497,0.782439024,,,,,,,,,,
,371,0.845510877,0.84195122,,,371,0.784917601,0.789268293,,,,,,,,,,
,372,0.842109426,0.826341463,,,372,0.781489782,0.774634146,,,,,,,,,,
,373,0.839182597,0.810731707,,,373,0.778220171,0.775609756,,,,,,,,,,
,374,0.840263678,0.826341463,,,374,0.778932103,0.787317073,,,,,,,,,,
,375,0.842689519,0.844878049,,,375,0.782966381,0.789268293,,,,,,,,,,
,376,0.844297956,0.837073171,,,376,0.784284773,0.774634146,,,,,,,,,,
,377,0.845510877,0.84195122,,,377,0.782570864,0.783414634,,,,,,,,,,
,378,0.843559657,0.846829268,,,378,0.783388266,0.788292683,,,,,,,,,,
,379,0.84060646,0.831219512,,,379,0.781858932,0.787317073,,,,,,,,,,
,380,0.839367172,0.828292683,,,380,0.780777851,0.789268293,,,,,,,,,,
,381,0.844350692,0.835121951,,,381,0.785181279,0.794146341,,,,,,,,,,
,382,0.844166117,0.84195122,,,382,0.783915623,0.783414634,,,,,,,,,,
,383,0.845379038,0.818536585,,,383,0.784390244,0.771707317,,,,,,,,,,
,384,0.847593935,0.821463415,,,384,0.78723797,0.771707317,,,,,,,,,,
,385,0.843085036,0.83804878,,,385,0.783493738,0.777560976,,,,,,,,,,
,386,0.844482531,0.846829268,,,386,0.784205669,0.763902439,,,,,,,,,,
,387,0.849017798,0.842926829,,,387,0.788108108,0.769756098,,,,,,,,,,
,388,0.845827291,0.846829268,,,388,0.786025049,0.774634146,,,,,,,,,,
,389,0.846143705,0.850731707,,,389,0.786736981,0.781463415,,,,,,,,,,
,390,0.845563612,0.837073171,,,390,0.78504944,0.787317073,,,,,,,,,,
,391,0.846618326,0.831219512,,,391,0.785603164,0.789268293,,,,,,,,,,
,392,0.848543177,0.836097561,,,392,0.786183256,0.791219512,,,,,,,,,,
,393,0.848094924,0.829268293,,,393,0.78686882,0.788292683,,,,,,,,,,
,394,0.845405405,0.843902439,,,394,0.784759394,0.785365854,,,,,,,,,,
,395,0.849914305,0.835121951,,,395,0.788925511,0.781463415,,,,,,,,,,
,396,0.842768622,0.837073171,,,396,0.783810152,0.793170732,,,,,,,,,,
,397,0.846987475,0.861463415,,,397,0.786104153,0.784390244,,,,,,,,,,
,398,0.849176005,0.860487805,,,398,0.787870798,0.793170732,,,,,,,,,,
,399,0.847910349,0.856585366,,,399,0.786657877,0.791219512,,,,,,,,,,
,400,0.850705339,0.855609756,,,400,0.790454845,0.788292683,,,,,,,,,,
,401,0.848859591,0.826341463,,,401,0.787448912,0.767804878,,,,,,,,,,
,402,0.844878049,0.84097561,,,402,0.784785761,0.769756098,,,,,,,,,,
,403,0.850547132,0.845853659,,,403,0.787686223,0.780487805,,,,,,,,,,
,404,0.849571523,0.842926829,,,404,0.789558339,0.787317073,,,,,,,,,,
,405,0.849808833,0.837073171,,,405,0.788661833,0.780487805,,,,,,,,,,
,406,0.850257086,0.836097561,,,406,0.790613052,0.779512195,,,,,,,,,,
,407,0.850309822,0.846829268,,,407,0.791272248,0.772682927,,,,,,,,,,
,408,0.849228741,0.859512195,,,408,0.78882004,0.780487805,,,,,,,,,,
,409,0.84717205,0.850731707,,,409,0.785629532,0.773658537,,,,,,,,,,
,410,0.851680949,0.849756098,,,410,0.791641397,0.778536585,,,,,,,,,,
,411,0.848675016,0.853658537,,,411,0.789241925,0.788292683,,,,,,,,,,
,412,0.852920237,0.861463415,,,412,0.7931971,0.786341463,,,,,,,,,,
,413,0.848200396,0.852682927,,,413,0.789584707,0.795121951,,,,,,,,,,
,414,0.847488464,0.850731707,,,414,0.787396177,0.794146341,,,,,,,,,,
,415,0.850705339,0.853658537,,,415,0.792775214,0.790243902,,,,,,,,,,
,416,0.851206328,0.851707317,,,416,0.791456823,0.792195122,,,,,,,,,,
,417,0.852181938,0.858536585,,,417,0.789822017,0.789268293,,,,,,,,,,
,418,0.852630191,0.858536585,,,418,0.791034937,0.79902439,,,,,,,,,,
,419,0.851232696,0.855609756,,,419,0.791166777,0.781463415,,,,,,,,,,
,420,0.852498352,0.858536585,,,420,0.791351351,0.781463415,,,,,,,,,,
,421,0.851865524,0.854634146,,,421,0.791219512,0.782439024,,,,,,,,,,
,422,0.851285432,0.845853659,,,422,0.7924588,0.790243902,,,,,,,,,,
,423,0.853394858,0.849756098,,,423,0.792959789,0.785365854,,,,,,,,,,
,424,0.850520765,0.846829268,,,424,0.791298616,0.788292683,,,,,,,,,,
,425,0.853025709,0.843902439,,,425,0.792775214,0.788292683,,,,,,,,,,
,426,0.851364535,0.843902439,,,426,0.792036915,0.791219512,,,,,,,,,,
,427,0.851944628,0.843902439,,,427,0.790560316,0.783414634,,,,,,,,,,
,428,0.851812788,0.851707317,,,428,0.791667765,0.790243902,,,,,,,,,,
,429,0.854528675,0.84,,,429,0.793961767,0.788292683,,,,,,,,,,
,430,0.854001318,0.83902439,,,430,0.793750824,0.779512195,,,,,,,,,,
,431,0.854449572,0.835121951,,,431,0.794831905,0.784390244,,,,,,,,,,
,432,0.854317732,0.84195122,,,432,0.793487146,0.785365854,,,,,,,,,,
,433,0.856980883,0.834146341,,,433,0.796387607,0.785365854,,,,,,,,,,
,434,0.856769941,0.848780488,,,434,0.796677653,0.782439024,,,,,,,,,,
,435,0.853394858,0.843902439,,,435,0.79404087,0.784390244,,,,,,,,,,
,436,0.852682927,0.824390244,,,436,0.793645353,0.784390244,,,,,,,,,,
,437,0.855741595,0.824390244,,,437,0.795359262,0.790243902,,,,,,,,,,
,438,0.858220171,0.832195122,,,438,0.800421885,0.789268293,,,,,,,,,,
,439,0.852023731,0.830243902,,,439,0.7931971,0.787317073,,,,,,,,,,
,440,0.85531971,0.833170732,,,440,0.795754779,0.781463415,,,,,,,,,,
,441,0.855346078,0.828292683,,,441,0.796783125,0.776585366,,,,,,,,,,
,442,0.856110745,0.833170732,,,442,0.797969677,0.773658537,,,,,,,,,,
,443,0.856427159,0.834146341,,,443,0.796941332,0.775609756,,,,,,,,,,
,444,0.856110745,0.825365854,,,444,0.797152274,0.768780488,,,,,,,,,,
,445,0.855847067,0.826341463,,,445,0.795649308,0.772682927,,,,,,,,,,
,446,0.858932103,0.83902439,,,446,0.79902439,0.784390244,,,,,,,,,,
,447,0.854185893,0.84195122,,,447,0.795227423,0.790243902,,,,,,,,,,
,448,0.854897825,0.856585366,,,448,0.794884641,0.794146341,,,,,,,,,,
,449,0.856954515,0.874146341,,,449,0.797099539,0.790243902,,,,,,,,,,
,450,0.857666447,0.863414634,,,450,0.798866183,0.802926829,,,,,,,,,,
,451,0.858879367,0.854634146,,,451,0.800079103,0.8,,,,,,,,,,
,452,0.855504285,0.843902439,,,452,0.796651285,0.79804878,,,,,,,,,,
,453,0.858694792,0.848780488,,,453,0.799973632,0.795121951,,,,,,,,,,
,454,0.858773896,0.860487805,,,454,0.799261701,0.795121951,,,,,,,,,,
,455,0.859169413,0.851707317,,,455,0.798286091,0.792195122,,,,,,,,,,
,456,0.858773896,0.855609756,,,456,0.799314436,0.784390244,,,,,,,,,,
,457,0.856875412,0.848780488,,,457,0.797864206,0.784390244,,,,,,,,,,
,458,0.855978906,0.854634146,,,458,0.797125906,0.783414634,,,,,,,,,,
,459,0.857350033,0.852682927,,,459,0.797231378,0.794146341,,,,,,,,,,
,460,0.857719183,0.846829268,,,460,0.798813448,0.786341463,,,,,,,,,,
,461,0.856321688,0.849756098,,,461,0.799578115,0.788292683,,,,,,,,,,
,462,0.861858932,0.842926829,,,462,0.80279499,0.788292683,,,,,,,,,,
,463,0.858615689,0.858536585,,,463,0.799894529,0.788292683,,,,,,,,,,
,464,0.860145023,0.870243902,,,464,0.801239288,0.786341463,,,,,,,,,,
,465,0.859644034,0.862439024,,,465,0.800896506,0.793170732,,,,,,,,,,
,466,0.861410679,0.860487805,,,466,0.801924852,0.797073171,,,,,,,,,,
,467,0.860013184,0.851707317,,,467,0.79976269,0.786341463,,,,,,,,,,
,468,0.859564931,0.83902439,,,468,0.800527357,0.777560976,,,,,,,,,,
,469,0.85993408,0.826341463,,,469,0.799472643,0.783414634,,,,,,,,,,
,470,0.860355966,0.84195122,,,470,0.800500989,0.789268293,,,,,,,,,,
,471,0.860698748,0.851707317,,,471,0.802162162,0.79902439,,,,,,,,,,
,472,0.861542518,0.853658537,,,472,0.803058668,0.80097561,,,,,,,,,,
,473,0.859670402,0.867317073,,,473,0.801107449,0.804878049,,,,,,,,,,
,474,0.861964403,0.863414634,,,474,0.800738299,0.791219512,,,,,,,,,,
,475,0.863124588,0.858536585,,,475,0.803427818,0.778536585,,,,,,,,,,
,476,0.860830587,0.852682927,,,476,0.801898484,0.778536585,,,,,,,,,,
,477,0.86346737,0.857560976,,,477,0.804218853,0.787317073,,,,,,,,,,
,478,0.866394199,0.850731707,,,478,0.806117337,0.789268293,,,,,,,,,,
,479,0.861938036,0.857560976,,,479,0.803375082,0.797073171,,,,,,,,,,
,480,0.860936058,0.851707317,,,480,0.802214898,0.796097561,,,,,,,,,,
,481,0.860777851,0.861463415,,,481,0.801081081,0.790243902,,,,,,,,,,
,482,0.863230059,0.866341463,,,482,0.805431773,0.795121951,,,,,,,,,,
,483,0.861568886,0.860487805,,,483,0.801634806,0.796097561,,,,,,,,,,
,484,0.863335531,0.868292683,,,484,0.80474621,0.795121951,,,,,,,,,,
,485,0.862887278,0.861463415,,,485,0.805141727,0.793170732,,,,,,,,,,
,486,0.866394199,0.847804878,,,486,0.807382993,0.788292683,,,,,,,,,,
,487,0.862386289,0.861463415,,,487,0.804429796,0.786341463,,,,,,,,,,
,488,0.865365854,0.845853659,,,488,0.80693474,0.781463415,,,,,,,,,,
,489,0.863414634,0.861463415,,,489,0.803111404,0.790243902,,,,,,,,,,
,490,0.863731048,0.861463415,,,490,0.805036256,0.79902439,,,,,,,,,,
,491,0.861753461,0.856585366,,,491,0.804403428,0.802926829,,,,,,,,,,
,492,0.862333553,0.846829268,,,492,0.803717864,0.80195122,,,,,,,,,,
,493,0.862465392,0.854634146,,,493,0.803427818,0.79804878,,,,,,,,,,
,494,0.863520105,0.851707317,,,494,0.805721819,0.791219512,,,,,,,,,,
,495,0.863731048,0.861463415,,,495,0.805721819,0.795121951,,,,,,,,,,
,496,0.864390244,0.860487805,,,496,0.805247198,0.797073171,,,,,,,,,,
,497,0.863203691,0.867317073,,,497,0.804535267,0.787317073,,,,,,,,,,
,498,0.862465392,0.862439024,,,498,0.802874094,0.791219512,,,,,,,,,,
,499,0.865075808,0.856585366,,,499,0.806539222,0.787317073,,,,,,,,,,
,500,0.865814107,0.862439024,,,500,0.807435728,0.788292683,,,,,,,,,,
,501,0.861832564,0.864390244,,,501,0.803796968,0.802926829,,,,,,,,,,
,502,0.866921556,0.868292683,,,502,0.806855636,0.796097561,,,,,,,,,,
,503,0.864522083,0.860487805,,,503,0.806170073,0.793170732,,,,,,,,,,
,504,0.867897165,0.855609756,,,504,0.809017798,0.80097561,,,,,,,,,,
,505,0.866367831,0.848780488,,,505,0.806829268,0.791219512,,,,,,,,,,
,506,0.866235992,0.849756098,,,506,0.807593935,0.794146341,,,,,,,,,,
,507,0.863309163,0.851707317,,,507,0.805932762,0.79902439,,,,,,,,,,
,508,0.86882004,0.847804878,,,508,0.809835201,0.792195122,,,,,,,,,,
,509,0.865102175,0.861463415,,,509,0.806460119,0.794146341,,,,,,,,,,
,510,0.868239947,0.851707317,,,510,0.810837179,0.803902439,,,,,,,,,,
,511,0.868899143,0.847804878,,,511,0.809650626,0.803902439,,,,,,,,,,
,512,0.866156889,0.860487805,,,512,0.8075412,0.795121951,,,,,,,,,,
,513,0.865418589,0.860487805,,,513,0.807277521,0.797073171,,,,,,,,,,
,514,0.866288728,0.854634146,,,514,0.807356625,0.790243902,,,,,,,,,,
,515,0.869690178,0.849756098,,,515,0.809545155,0.790243902,,,,,,,,,,
,516,0.866947924,0.868292683,,,516,0.808464074,0.80195122,,,,,,,,,,
,517,0.867738958,0.871219512,,,517,0.808042189,0.80195122,,,,,,,,,,
,518,0.867185234,0.870243902,,,518,0.810758075,0.80097561,,,,,,,,,,
,519,0.868872775,0.875121951,,,519,0.810098879,0.792195122,,,,,,,,,,
,520,0.866183256,0.868292683,,,520,0.807356625,0.794146341,,,,,,,,,,
,521,0.86589321,0.867317073,,,521,0.808332235,0.795121951,,,,,,,,,,
,522,0.866763349,0.861463415,,,522,0.809228741,0.796097561,,,,,,,,,,
,523,0.866605142,0.858536585,,,523,0.806908372,0.796097561,,,,,,,,,,
,524,0.869742914,0.862439024,,,524,0.811153593,0.8,,,,,,,,,,
,525,0.867580751,0.870243902,,,525,0.811733685,0.810731707,,,,,,,,,,
,526,0.867791694,0.867317073,,,526,0.80899143,0.802926829,,,,,,,,,,
,527,0.86626236,0.859512195,,,527,0.807725775,0.796097561,,,,,,,,,,
,528,0.870507581,0.858536585,,,528,0.81350033,0.792195122,,,,,,,,,,
,529,0.86649967,0.858536585,,,529,0.808885959,0.795121951,,,,,,,,,,
,530,0.86663151,0.860487805,,,530,0.807725775,0.795121951,,,,,,,,,,
,531,0.867343441,0.859512195,,,531,0.80875412,0.79804878,,,,,,,,,,
,532,0.867106131,0.867317073,,,532,0.809255109,0.80097561,,,,,,,,,,
,533,0.867396177,0.875121951,,,533,0.809914305,0.80097561,,,,,,,,,,
,534,0.870665788,0.876097561,,,534,0.813473962,0.79804878,,,,,,,,,,
,535,0.87087673,0.873170732,,,535,0.812181938,0.79804878,,,,,,,,,,
,536,0.870428477,0.868292683,,,536,0.812841134,0.797073171,,,,,,,,,,
,537,0.870718523,0.861463415,,,537,0.813025709,0.79804878,,,,,,,,,,
,538,0.870191167,0.860487805,,,538,0.812313777,0.797073171,,,,,,,,,,
,539,0.867686223,0.859512195,,,539,0.809202373,0.802926829,,,,,,,,,,
,540,0.869189189,0.857560976,,,540,0.811390903,0.806829268,,,,,,,,,,
,541,0.871140409,0.857560976,,,541,0.813684904,0.802926829,,,,,,,,,,
,542,0.869505603,0.862439024,,,542,0.810362558,0.804878049,,,,,,,,,,
,543,0.871720501,0.855609756,,,543,0.813922215,0.8,,,,,,,,,,
,544,0.871588662,0.856585366,,,544,0.815240606,0.797073171,,,,,,,,,,
,545,0.871667765,0.861463415,,,545,0.813183916,0.79902439,,,,,,,,,,
,546,0.870059328,0.866341463,,,546,0.811364535,0.807804878,,,,,,,,,,
,547,0.869373764,0.872195122,,,547,0.812340145,0.79902439,,,,,,,,,,
,548,0.870059328,0.861463415,,,548,0.811048121,0.797073171,,,,,,,,,,
,549,0.871720501,0.870243902,,,549,0.812630191,0.8,,,,,,,,,,
,550,0.870243902,0.872195122,,,550,0.813025709,0.79902439,,,,,,,,,,
,551,0.868424522,0.866341463,,,551,0.810204351,0.8,,,,,,,,,,
,552,0.872036915,0.864390244,,,552,0.813342123,0.8,,,,,,,,,,
,553,0.87380356,0.869268293,,,553,0.81592617,0.79902439,,,,,,,,,,
,554,0.872801582,0.863414634,,,554,0.814423204,0.80097561,,,,,,,,,,
,555,0.87063942,0.862439024,,,555,0.814317732,0.797073171,,,,,,,,,,
,556,0.871351351,0.868292683,,,556,0.814291365,0.793170732,,,,,,,,,,
,557,0.873724456,0.87804878,,,557,0.816348055,0.79902439,,,,,,,,,,
,558,0.870481213,0.876097561,,,558,0.813579433,0.80195122,,,,,,,,,,
,559,0.872880686,0.865365854,,,559,0.816664469,0.804878049,,,,,,,,,,
,560,0.875438365,0.860487805,,,560,0.817455504,0.807804878,,,,,,,,,,
,561,0.872247858,0.858536585,,,561,0.812313777,0.807804878,,,,,,,,,,
,562,0.871114041,0.858536585,,,562,0.814212261,0.8,,,,,,,,,,
,563,0.873856295,0.859512195,,,563,0.816427159,0.807804878,,,,,,,,,,
,564,0.873117996,0.871219512,,,564,0.816427159,0.807804878,,,,,,,,,,
,565,0.875781147,0.870243902,,,565,0.817692815,0.807804878,,,,,,,,,,
,566,0.875543837,0.877073171,,,566,0.817218194,0.805853659,,,,,,,,,,
,567,0.873961767,0.874146341,,,567,0.815583388,0.814634146,,,,,,,,,,
,568,0.872590639,0.875121951,,,568,0.814607779,0.812682927,,,,,,,,,,
,569,0.87282795,0.875121951,,,569,0.815767963,0.80195122,,,,,,,,,,
,570,0.87380356,0.874146341,,,570,0.816374423,0.804878049,,,,,,,,,,
,571,0.874304548,0.876097561,,,571,0.817956493,0.80195122,,,,,,,,,,
,572,0.875464733,0.869268293,,,572,0.818272907,0.804878049,,,,,,,,,,
,573,0.873513514,0.867317073,,,573,0.816453527,0.80097561,,,,,,,,,,
,574,0.875517469,0.861463415,,,574,0.818905735,0.795121951,,,,,,,,,,
,575,0.876413975,0.858536585,,,575,0.819512195,0.795121951,,,,,,,,,,
,576,0.872564272,0.860487805,,,576,0.816875412,0.794146341,,,,,,,,,,
,577,0.876862228,0.866341463,,,577,0.819380356,0.791219512,,,,,,,,,,
,578,0.872933421,0.861463415,,,578,0.814686882,0.795121951,,,,,,,,,,
,579,0.873566249,0.866341463,,,579,0.817323665,0.796097561,,,,,,,,,,
,580,0.872748846,0.864390244,,,580,0.815636124,0.80097561,,,,,,,,,,
,581,0.874937376,0.872195122,,,581,0.818800264,0.802926829,,,,,,,,,,
,582,0.877310481,0.88,,,582,0.821463415,0.804878049,,,,,,,,,,
,583,0.873012525,0.867317073,,,583,0.816374423,0.795121951,,,,,,,,,,
,584,0.873935399,0.862439024,,,584,0.817297297,0.802926829,,,,,,,,,,
,585,0.876097561,0.872195122,,,585,0.819749506,0.806829268,,,,,,,,,,
,586,0.874963744,0.865365854,,,586,0.818352011,0.806829268,,,,,,,,,,
,587,0.87586025,0.869268293,,,587,0.819143045,0.804878049,,,,,,,,,,
,588,0.871114041,0.871219512,,,588,0.816058009,0.79804878,,,,,,,,,,
,589,0.875411997,0.869268293,,,589,0.818747528,0.80195122,,,,,,,,,,
,590,0.875332894,0.862439024,,,590,0.819723138,0.795121951,,,,,,,,,,
,591,0.876545814,0.862439024,,,591,0.820487805,0.80195122,,,,,,,,,,
,592,0.878206987,0.861463415,,,592,0.820408701,0.80097561,,,,,,,,,,
,593,0.874541859,0.870243902,,,593,0.818932103,0.79902439,,,,,,,,,,
,594,0.873144364,0.877073171,,,594,0.816928148,0.805853659,,,,,,,,,,
,595,0.875833883,0.871219512,,,595,0.819775873,0.805853659,,,,,,,,,,
,596,0.876466711,0.870243902,,,596,0.819116678,0.80195122,,,,,,,,,,
,597,0.876967699,0.873170732,,,597,0.821938036,0.80097561,,,,,,,,,,
,598,0.87599209,0.869268293,,,598,0.819881345,0.806829268,,,,,,,,,,
,599,0.880421885,0.87902439,,,599,0.823309163,0.803902439,,,,,,,,,,
,600,0.87343441,0.874146341,,,600,0.817165458,0.80195122,,,,,,,,,,
,601,0.87841793,0.87804878,,,601,0.821938036,0.803902439,,,,,,,,,,
,602,0.87586025,0.877073171,,,602,0.819775873,0.806829268,,,,,,,,,,
,603,0.877916941,0.868292683,,,603,0.820751483,0.803902439,,,,,,,,,,
,604,0.87902439,0.88097561,,,604,0.822570864,0.807804878,,,,,,,,,,
,605,0.874304548,0.870243902,,,605,0.816137113,0.802926829,,,,,,,,,,
,606,0.875675676,0.871219512,,,606,0.820171391,0.80195122,,,,,,,,,,
,607,0.878892551,0.88195122,,,607,0.822597231,0.80195122,,,,,,,,,,
,608,0.876994067,0.874146341,,,608,0.820751483,0.8,,,,,,,,,,
,609,0.877785102,0.874146341,,,609,0.820461437,0.79902439,,,,,,,,,,
,610,0.87659855,0.856585366,,,610,0.821199736,0.8,,,,,,,,,,
,611,0.877864206,0.869268293,,,611,0.820118655,0.79902439,,,,,,,,,,
,612,0.875886618,0.872195122,,,612,0.819828609,0.80097561,,,,,,,,,,
,613,0.8762294,0.88,,,613,0.820461437,0.805853659,,,,,,,,,,
,614,0.88036915,0.875121951,,,614,0.82444298,0.80097561,,,,,,,,,,
,615,0.874752802,0.862439024,,,615,0.818431114,0.80097561,,,,,,,,,,
,616,0.877732367,0.852682927,,,616,0.821489782,0.803902439,,,,,,,,,,
,617,0.879103494,0.861463415,,,617,0.823361898,0.8,,,,,,,,,,
,618,0.878918919,0.874146341,,,618,0.821911668,0.80195122,,,,,,,,,,
,619,0.878734344,0.875121951,,,619,0.822017139,0.794146341,,,,,,,,,,
,620,0.876071193,0.885853659,,,620,0.820962426,0.80195122,,,,,,,,,,
,621,0.882584047,0.883902439,,,621,0.827633487,0.8,,,,,,,,,,
,622,0.880158207,0.876097561,,,622,0.823546473,0.79902439,,,,,,,,,,
,623,0.877178642,0.885853659,,,623,0.821727093,0.79804878,,,,,,,,,,
,624,0.880580092,0.886829268,,,624,0.824284773,0.79804878,,,,,,,,,,
,625,0.883612393,0.88097561,,,625,0.826736981,0.796097561,,,,,,,,,,
,626,0.877336849,0.88195122,,,626,0.821489782,0.803902439,,,,,,,,,,
,627,0.878154252,0.873170732,,,627,0.823282795,0.805853659,,,,,,,,,,
,628,0.877495056,0.876097561,,,628,0.821094265,0.809756098,,,,,,,,,,
,629,0.877705999,0.87902439,,,629,0.822175346,0.805853659,,,,,,,,,,
,630,0.879604483,0.87902439,,,630,0.822307185,0.806829268,,,,,,,,,,
,631,0.881634806,0.87902439,,,631,0.82504944,0.805853659,,,,,,,,,,
,632,0.875596572,0.88,,,632,0.819828609,0.807804878,,,,,,,,,,
,633,0.879235333,0.87902439,,,633,0.823441002,0.810731707,,,,,,,,,,
,634,0.879604483,0.87804878,,,634,0.824733026,0.811707317,,,,,,,,,,
,635,0.877495056,0.871219512,,,635,0.821964403,0.807804878,,,,,,,,,,
,636,0.879973632,0.877073171,,,636,0.823071852,0.808780488,,,,,,,,,,
,637,0.879314436,0.871219512,,,637,0.822940013,0.810731707,,,,,,,,,,
,638,0.878365194,0.88,,,638,0.824548451,0.805853659,,,,,,,,,,
,639,0.881133817,0.873170732,,,639,0.825313118,0.807804878,,,,,,,,,,
,640,0.878206987,0.87804878,,,640,0.822043507,0.804878049,,,,,,,,,,
,641,0.882504944,0.876097561,,,641,0.826657877,0.804878049,,,,,,,,,,
,642,0.879288069,0.875121951,,,642,0.823309163,0.810731707,,,,,,,,,,
,643,0.880290046,0.88097561,,,643,0.824996704,0.807804878,,,,,,,,,,
,644,0.882346737,0.885853659,,,644,0.827422544,0.803902439,,,,,,,,,,
,645,0.876624918,0.875121951,,,645,0.821779829,0.811707317,,,,,,,,,,
,646,0.879973632,0.871219512,,,646,0.824258405,0.803902439,,,,,,,,,,
,647,0.882399473,0.864390244,,,647,0.826156889,0.802926829,,,,,,,,,,
,648,0.881397495,0.863414634,,,648,0.826077785,0.804878049,,,,,,,,,,
,649,0.878681608,0.867317073,,,649,0.823414634,0.808780488,,,,,,,,,,
,650,0.883375082,0.866341463,,,650,0.827369809,0.803902439,,,,,,,,,,
,651,0.882504944,0.864390244,,,651,0.827396177,0.80097561,,,,,,,,,,
,652,0.879841793,0.864390244,,,652,0.823335531,0.80195122,,,,,,,,,,
,653,0.882056691,0.864390244,,,653,0.825102175,0.805853659,,,,,,,,,,
,654,0.878312459,0.858536585,,,654,0.821568886,0.795121951,,,,,,,,,,
,655,0.879815425,0.857560976,,,655,0.822913645,0.79804878,,,,,,,,,,
,656,0.88097561,0.862439024,,,656,0.824812129,0.793170732,,,,,,,,,,
,657,0.881529334,0.871219512,,,657,0.825550428,0.797073171,,,,,,,,,,
,658,0.876941332,0.869268293,,,658,0.821199736,0.797073171,,,,,,,,,,
,659,0.882847726,0.869268293,,,659,0.826605142,0.796097561,,,,,,,,,,
,660,0.881239288,0.871219512,,,660,0.825471325,0.797073171,,,,,,,,,,
,661,0.880210943,0.876097561,,,661,0.825629532,0.8,,,,,,,,,,
,662,0.88316414,0.875121951,,,662,0.828239947,0.80097561,,,,,,,,,,
,663,0.883902439,0.872195122,,,663,0.82966381,0.811707317,,,,,,,,,,
,664,0.883322347,0.867317073,,,664,0.827290705,0.811707317,,,,,,,,,,
,665,0.880527357,0.866341463,,,665,0.826025049,0.809756098,,,,,,,,,,
,666,0.881054713,0.870243902,,,666,0.826420567,0.80097561,,,,,,,,,,
,667,0.880184575,0.865365854,,,667,0.824363876,0.806829268,,,,,,,,,,
,668,0.884851681,0.869268293,,,668,0.829795649,0.80195122,,,,,,,,,,
,669,0.882821358,0.871219512,,,669,0.827000659,0.803902439,,,,,,,,,,
,670,0.882531312,0.868292683,,,670,0.828055372,0.803902439,,,,,,,,,,
,671,0.880896506,0.872195122,,,671,0.82407383,0.804878049,,,,,,,,,,
,672,0.884245221,0.870243902,,,672,0.829030982,0.809756098,,,,,,,,,,
,673,0.884482531,0.874146341,,,673,0.8294265,0.804878049,,,,,,,,,,
,674,0.881845748,0.866341463,,,674,0.826974291,0.803902439,,,,,,,,,,
,675,0.882267633,0.864390244,,,675,0.828529993,0.807804878,,,,,,,,,,
,676,0.885379038,0.871219512,,,676,0.829611074,0.807804878,,,,,,,,,,
,677,0.884693474,0.873170732,,,677,0.830613052,0.807804878,,,,,,,,,,
,678,0.883058668,0.873170732,,,678,0.827923533,0.809756098,,,,,,,,,,
,679,0.886249176,0.877073171,,,679,0.832116018,0.804878049,,,,,,,,,,
,680,0.883058668,0.872195122,,,680,0.827501648,0.805853659,,,,,,,,,,
,681,0.887883982,0.868292683,,,681,0.83380356,0.8,,,,,,,,,,
,682,0.884218853,0.87902439,,,682,0.829110086,0.8,,,,,,,,,,
,683,0.881740277,0.876097561,,,683,0.826183256,0.8,,,,,,,,,,
,684,0.883981543,0.874146341,,,684,0.828371786,0.806829268,,,,,,,,,,
,685,0.879551747,0.88,,,685,0.824574819,0.805853659,,,,,,,,,,
,686,0.884060646,0.88,,,686,0.82882004,0.802926829,,,,,,,,,,
,687,0.882320369,0.87804878,,,687,0.828477258,0.806829268,,,,,,,,,,
,688,0.883981543,0.882926829,,,688,0.828899143,0.807804878,,,,,,,,,,
,689,0.885036256,0.886829268,,,689,0.83027027,0.805853659,,,,,,,,,,
,690,0.88097561,0.884878049,,,690,0.825840475,0.807804878,,,,,,,,,,
,691,0.888411338,0.883902439,,,691,0.833144364,0.79902439,,,,,,,,,,
,692,0.884957152,0.885853659,,,692,0.829769281,0.804878049,,,,,,,,,,
,693,0.88340145,0.87804878,,,693,0.826895188,0.807804878,,,,,,,,,,
,694,0.88595913,0.888780488,,,694,0.830243902,0.807804878,,,,,,,,,,
,695,0.883269611,0.88195122,,,695,0.828477258,0.806829268,,,,,,,,,,
,696,0.88461437,0.882926829,,,696,0.829110086,0.80097561,,,,,,,,,,
,697,0.884798945,0.889756098,,,697,0.82966381,0.802926829,,,,,,,,,,
,698,0.883638761,0.888780488,,,698,0.830296638,0.80195122,,,,,,,,,,
,699,0.88316414,0.883902439,,,699,0.829584707,0.810731707,,,,,,,,,,
,700,0.884218853,0.868292683,,,700,0.829321028,0.809756098,,,,,,,,,,
,701,0.889597891,0.872195122,,,701,0.835306526,0.809756098,,,,,,,,,,
,702,0.883928807,0.871219512,,,702,0.828661833,0.80097561,,,,,,,,,,
,703,0.885009888,0.870243902,,,703,0.830692156,0.804878049,,,,,,,,,,
,704,0.88558998,0.870243902,,,704,0.829953856,0.80097561,,,,,,,,,,
,705,0.883111404,0.874146341,,,705,0.829690178,0.803902439,,,,,,,,,,
,706,0.886855636,0.876097561,,,706,0.831878708,0.80195122,,,,,,,,,,
,707,0.88340145,0.863414634,,,707,0.830665788,0.80097561,,,,,,,,,,
,708,0.883638761,0.867317073,,,708,0.828846407,0.79902439,,,,,,,,,,
,709,0.885115359,0.869268293,,,709,0.829980224,0.80195122,,,,,,,,,,
,710,0.883058668,0.873170732,,,710,0.826842452,0.8,,,,,,,,,,
,711,0.886618326,0.872195122,,,711,0.831404087,0.79902439,,,,,,,,,,
,712,0.885774555,0.87902439,,,712,0.830692156,0.8,,,,,,,,,,
,713,0.883216875,0.888780488,,,713,0.828503626,0.804878049,,,,,,,,,,
,714,0.887936717,0.88,,,714,0.831746869,0.808780488,,,,,,,,,,
,715,0.883216875,0.882926829,,,715,0.828002637,0.809756098,,,,,,,,,,
,716,0.88656559,0.883902439,,,716,0.831509558,0.804878049,,,,,,,,,,
,717,0.885669084,0.88,,,717,0.829927488,0.805853659,,,,,,,,,,
,718,0.886671061,0.88097561,,,718,0.8324588,0.809756098,,,,,,,,,,
,719,0.887620303,0.87804878,,,719,0.833328939,0.808780488,,,,,,,,,,
,720,0.886908372,0.877073171,,,720,0.833829927,0.806829268,,,,,,,,,,
,721,0.886776533,0.88,,,721,0.83124588,0.811707317,,,,,,,,,,
,722,0.884667106,0.88097561,,,722,0.829980224,0.812682927,,,,,,,,,,
,723,0.886776533,0.882926829,,,723,0.832089651,0.815609756,,,,,,,,,,
,724,0.88242584,0.885853659,,,724,0.827633487,0.814634146,,,,,,,,,,
,725,0.884772577,0.888780488,,,725,0.830929466,0.817560976,,,,,,,,,,
,726,0.884192485,0.88097561,,,726,0.828925511,0.807804878,,,,,,,,,,
,727,0.887673039,0.882926829,,,727,0.832406065,0.809756098,,,,,,,,,,
,728,0.885853659,0.882926829,,,728,0.831562294,0.810731707,,,,,,,,,,
,729,0.883586025,0.88195122,,,729,0.828239947,0.811707317,,,,,,,,,,
,730,0.883533289,0.87902439,,,730,0.830059328,0.811707317,,,,,,,,,,
,731,0.887382993,0.875121951,,,731,0.83404087,0.810731707,,,,,,,,,,
,732,0.889255109,0.87902439,,,732,0.834752802,0.811707317,,,,,,,,,,
,733,0.884825313,0.88,,,733,0.829690178,0.807804878,,,,,,,,,,
,734,0.885062624,0.870243902,,,734,0.830059328,0.805853659,,,,,,,,,,
,735,0.88875412,0.869268293,,,735,0.835411997,0.809756098,,,,,,,,,,
,736,0.8837706,0.883902439,,,736,0.830164799,0.810731707,,,,,,,,,,
,737,0.890019776,0.885853659,,,737,0.835359262,0.812682927,,,,,,,,,,
,738,0.883955175,0.884878049,,,738,0.830323006,0.809756098,,,,,,,,,,
,739,0.886275544,0.891707317,,,739,0.832617007,0.814634146,,,,,,,,,,
,740,0.887620303,0.884878049,,,740,0.832907053,0.805853659,,,,,,,,,,
,741,0.88693474,0.87804878,,,741,0.832590639,0.806829268,,,,,,,,,,
,742,0.886723797,0.875121951,,,742,0.831878708,0.805853659,,,,,,,,,,
,743,0.887303889,0.87804878,,,743,0.834146341,0.807804878,,,,,,,,,,
,744,0.88899143,0.875121951,,,744,0.834278181,0.807804878,,,,,,,,,,
,745,0.886381015,0.883902439,,,745,0.832036915,0.809756098,,,,,,,,,,
,746,0.889334212,0.875121951,,,746,0.833698088,0.807804878,,,,,,,,,,
,747,0.886486486,0.870243902,,,747,0.83124588,0.808780488,,,,,,,,,,
,748,0.887330257,0.875121951,,,748,0.83282795,0.808780488,,,,,,,,,,
,749,0.888094924,0.884878049,,,749,0.833909031,0.810731707,,,,,,,,,,
,750,0.888437706,0.884878049,,,750,0.835121951,0.813658537,,,,,,,,,,
,751,0.886301912,0.87804878,,,751,0.83222149,0.812682927,,,,,,,,,,
,752,0.885669084,0.875121951,,,752,0.832300593,0.809756098,,,,,,,,,,
,753,0.88474621,0.87902439,,,753,0.832247858,0.817560976,,,,,,,,,,
,754,0.887752142,0.883902439,,,754,0.833829927,0.811707317,,,,,,,,,,
,755,0.886328279,0.87902439,,,755,0.832353329,0.816585366,,,,,,,,,,
,756,0.890705339,0.883902439,,,756,0.837125906,0.816585366,,,,,,,,,,
,757,0.887514832,0.885853659,,,757,0.83441002,0.810731707,,,,,,,,,,
,758,0.888727752,0.885853659,,,758,0.834990112,0.811707317,,,,,,,,,,
,759,0.889597891,0.883902439,,,759,0.836519446,0.810731707,,,,,,,,,,
,760,0.887119314,0.888780488,,,760,0.833566249,0.810731707,,,,,,,,,,
,761,0.891601846,0.882926829,,,761,0.838866183,0.812682927,,,,,,,,,,
,762,0.885880026,0.872195122,,,762,0.831298616,0.815609756,,,,,,,,,,
,763,0.888174028,0.874146341,,,763,0.834805537,0.808780488,,,,,,,,,,
,764,0.888042189,0.868292683,,,764,0.835280158,0.808780488,,,,,,,,,,
,765,0.887066579,0.872195122,,,765,0.832116018,0.806829268,,,,,,,,,,
,766,0.886011866,0.877073171,,,766,0.833144364,0.810731707,,,,,,,,,,
,767,0.889413316,0.87902439,,,767,0.835781147,0.811707317,,,,,,,,,,
,768,0.888015821,0.876097561,,,768,0.834172709,0.809756098,,,,,,,,,,
,769,0.886512854,0.876097561,,,769,0.831773237,0.806829268,,,,,,,,,,
,770,0.890652604,0.884878049,,,770,0.837125906,0.811707317,,,,,,,,,,
,771,0.887435728,0.888780488,,,771,0.832353329,0.811707317,,,,,,,,,,
,772,0.888226763,0.87804878,,,772,0.835069216,0.812682927,,,,,,,,,,
,773,0.888305867,0.87804878,,,773,0.836203032,0.812682927,,,,,,,,,,
,774,0.888595913,0.882926829,,,774,0.834594595,0.817560976,,,,,,,,,,
,775,0.888701384,0.877073171,,,775,0.834700066,0.820487805,,,,,,,,,,
,776,0.8875412,0.88,,,776,0.83464733,0.821463415,,,,,,,,,,
,777,0.888226763,0.88097561,,,777,0.835965722,0.818536585,,,,,,,,,,
,778,0.891021753,0.884878049,,,778,0.837336849,0.820487805,,,,,,,,,,
,779,0.890441661,0.88195122,,,779,0.837732367,0.815609756,,,,,,,,,,
,780,0.886407383,0.885853659,,,780,0.833935399,0.813658537,,,,,,,,,,
,781,0.890599868,0.877073171,,,781,0.838127884,0.812682927,,,,,,,,,,
,782,0.887382993,0.877073171,,,782,0.833592617,0.809756098,,,,,,,,,,
,783,0.888042189,0.882926829,,,783,0.835438365,0.809756098,,,,,,,,,,
,784,0.888226763,0.87902439,,,784,0.833750824,0.813658537,,,,,,,,,,
,785,0.892050099,0.873170732,,,785,0.837521424,0.813658537,,,,,,,,,,
,786,0.891707317,0.873170732,,,786,0.83744232,0.812682927,,,,,,,,,,
,787,0.890230719,0.868292683,,,787,0.83683586,0.813658537,,,,,,,,,,
,788,0.889676994,0.870243902,,,788,0.836572182,0.808780488,,,,,,,,,,
,789,0.88899143,0.867317073,,,789,0.836334871,0.814634146,,,,,,,,,,
,790,0.888938695,0.870243902,,,790,0.835754779,0.814634146,,,,,,,,,,
,791,0.886064601,0.868292683,,,791,0.834357284,0.813658537,,,,,,,,,,
,792,0.88996704,0.870243902,,,792,0.835702044,0.813658537,,,,,,,,,,
,793,0.889703362,0.867317073,,,793,0.83659855,0.806829268,,,,,,,,,,
,794,0.890705339,0.867317073,,,794,0.836888596,0.804878049,,,,,,,,,,
,795,0.888885959,0.870243902,,,795,0.835121951,0.810731707,,,,,,,,,,
,796,0.889466051,0.872195122,,,796,0.838391562,0.815609756,,,,,,,,,,
,797,0.891654581,0.877073171,,,797,0.838233355,0.809756098,,,,,,,,,,
,798,0.890362558,0.869268293,,,798,0.836308504,0.810731707,,,,,,,,,,
,799,0.889835201,0.872195122,,,799,0.836440343,0.805853659,,,,,,,,,,
,800,0.888859591,0.871219512,,,800,0.834937376,0.807804878,,,,,,,,,,
,801,0.891206328,0.866341463,,,801,0.839578115,0.80195122,,,,,,,,,,
,802,0.888885959,0.874146341,,,802,0.835939354,0.807804878,,,,,,,,,,
,803,0.889281477,0.872195122,,,803,0.837310481,0.806829268,,,,,,,,,,
,804,0.889993408,0.87902439,,,804,0.837073171,0.805853659,,,,,,,,,,
,805,0.892920237,0.88,,,805,0.83976269,0.814634146,,,,,,,,,,
,806,0.889545155,0.872195122,,,806,0.836440343,0.815609756,,,,,,,,,,
,807,0.892392881,0.875121951,,,807,0.839182597,0.809756098,,,,,,,,,,
,808,0.888622281,0.875121951,,,808,0.836914964,0.807804878,,,,,,,,,,
,809,0.8913118,0.877073171,,,809,0.838206987,0.809756098,,,,,,,,,,
,810,0.890916282,0.88,,,810,0.838154252,0.808780488,,,,,,,,,,
,811,0.891496374,0.876097561,,,811,0.838866183,0.809756098,,,,,,,,,,
,812,0.889176005,0.876097561,,,812,0.835148319,0.811707317,,,,,,,,,,
,813,0.89191826,0.877073171,,,813,0.837600527,0.813658537,,,,,,,,,,
,814,0.891496374,0.872195122,,,814,0.838813448,0.811707317,,,,,,,,,,
,815,0.888200396,0.870243902,,,815,0.835728411,0.813658537,,,,,,,,,,
,816,0.890415293,0.876097561,,,816,0.838338827,0.809756098,,,,,,,,,,
,817,0.889044166,0.88,,,817,0.834963744,0.809756098,,,,,,,,,,
,818,0.892313777,0.87902439,,,818,0.837310481,0.811707317,,,,,,,,,,
,819,0.890468029,0.873170732,,,819,0.839050758,0.812682927,,,,,,,,,,
,820,0.888885959,0.877073171,,,820,0.836624918,0.812682927,,,,,,,,,,
,821,0.890889914,0.88,,,821,0.837732367,0.808780488,,,,,,,,,,
,822,0.889993408,0.884878049,,,822,0.836994067,0.808780488,,,,,,,,,,
,823,0.890652604,0.889756098,,,823,0.838998022,0.811707317,,,,,,,,,,
,824,0.890362558,0.887804878,,,824,0.836941332,0.814634146,,,,,,,,,,
,825,0.892630191,0.883902439,,,825,0.837996045,0.818536585,,,,,,,,,,
,826,0.893078444,0.884878049,,,826,0.84060646,0.817560976,,,,,,,,,,
,827,0.890230719,0.884878049,,,827,0.838312459,0.813658537,,,,,,,,,,
,828,0.88838497,0.885853659,,,828,0.836941332,0.818536585,,,,,,,,,,
,829,0.892788398,0.888780488,,,829,0.840738299,0.824390244,,,,,,,,,,
,830,0.886038233,0.883902439,,,830,0.832537904,0.820487805,,,,,,,,,,
,831,0.890705339,0.884878049,,,831,0.838892551,0.817560976,,,,,,,,,,
,832,0.88899143,0.88195122,,,832,0.835517469,0.813658537,,,,,,,,,,
,833,0.890626236,0.883902439,,,833,0.839103494,0.815609756,,,,,,,,,,
,834,0.889202373,0.88097561,,,834,0.83659855,0.812682927,,,,,,,,,,
,835,0.892208306,0.890731707,,,835,0.838971655,0.815609756,,,,,,,,,,
,836,0.890969018,0.886829268,,,836,0.837758734,0.812682927,,,,,,,,,,
,837,0.890520765,0.887804878,,,837,0.837073171,0.811707317,,,,,,,,,,
,838,0.891364535,0.885853659,,,838,0.837547792,0.811707317,,,,,,,,,,
,839,0.892234674,0.88,,,839,0.83902439,0.809756098,,,,,,,,,,
,840,0.890626236,0.877073171,,,840,0.837073171,0.811707317,,,,,,,,,,
,841,0.890758075,0.88,,,841,0.837547792,0.809756098,,,,,,,,,,
,842,0.890098879,0.875121951,,,842,0.839288069,0.809756098,,,,,,,,,,
,843,0.893526697,0.873170732,,,843,0.839973632,0.806829268,,,,,,,,,,
,844,0.887883982,0.874146341,,,844,0.835517469,0.807804878,,,,,,,,,,
,845,0.892999341,0.87804878,,,845,0.840922874,0.810731707,,,,,,,,,,
,846,0.893104812,0.87804878,,,846,0.840870138,0.811707317,,,,,,,,,,
,847,0.893526697,0.87804878,,,847,0.841872116,0.810731707,,,,,,,,,,
,848,0.891601846,0.88097561,,,848,0.839367172,0.812682927,,,,,,,,,,
,849,0.889756098,0.87902439,,,849,0.837837838,0.814634146,,,,,,,,,,
,850,0.894264997,0.87804878,,,850,0.84036915,0.813658537,,,,,,,,,,
,851,0.890098879,0.88097561,,,851,0.837837838,0.814634146,,,,,,,,,,
,852,0.893790376,0.88,,,852,0.841001978,0.814634146,,,,,,,,,,
,853,0.895398813,0.883902439,,,853,0.842478576,0.816585366,,,,,,,,,,
,854,0.891944628,0.882926829,,,854,0.838206987,0.814634146,,,,,,,,,,
,855,0.890177983,0.883902439,,,855,0.83781147,0.814634146,,,,,,,,,,
,856,0.892076467,0.884878049,,,856,0.840079103,0.817560976,,,,,,,,,,
,857,0.890995386,0.886829268,,,857,0.838549769,0.813658537,,,,,,,,,,
,858,0.892551088,0.884878049,,,858,0.84097561,0.812682927,,,,,,,,,,
,859,0.891522742,0.88097561,,,859,0.838839815,0.811707317,,,,,,,,,,
,860,0.891443639,0.883902439,,,860,0.83744232,0.814634146,,,,,,,,,,
,861,0.893025709,0.889756098,,,861,0.839868161,0.812682927,,,,,,,,,,
,862,0.892682927,0.882926829,,,862,0.838576137,0.804878049,,,,,,,,,,
,863,0.891575478,0.884878049,,,863,0.841028345,0.802926829,,,,,,,,,,
,864,0.891127225,0.886829268,,,864,0.839050758,0.809756098,,,,,,,,,,
,865,0.890652604,0.889756098,,,865,0.837310481,0.809756098,,,,,,,,,,
,866,0.89471325,0.887804878,,,866,0.842373105,0.811707317,,,,,,,,,,
,867,0.888174028,0.890731707,,,867,0.838075148,0.809756098,,,,,,,,,,
,868,0.892313777,0.891707317,,,868,0.839789057,0.810731707,,,,,,,,,,
,869,0.894871457,0.893658537,,,869,0.842399473,0.810731707,,,,,,,,,,
,870,0.892709295,0.894634146,,,870,0.84097561,0.810731707,,,,,,,,,,
,871,0.896005274,0.894634146,,,871,0.842373105,0.806829268,,,,,,,,,,
,872,0.891048121,0.891707317,,,872,0.838470666,0.806829268,,,,,,,,,,
,873,0.896690837,0.892682927,,,873,0.843823336,0.808780488,,,,,,,,,,
,874,0.892603823,0.888780488,,,874,0.840922874,0.813658537,,,,,,,,,,
,875,0.894159525,0.890731707,,,875,0.841608438,0.810731707,,,,,,,,,,
,876,0.892735662,0.886829268,,,876,0.840580092,0.811707317,,,,,,,,,,
,877,0.891786421,0.886829268,,,877,0.840342782,0.807804878,,,,,,,,,,
,878,0.893526697,0.886829268,,,878,0.841239288,0.808780488,,,,,,,,,,
,879,0.893447594,0.892682927,,,879,0.840659196,0.811707317,,,,,,,,,,
,880,0.896506262,0.892682927,,,880,0.845009888,0.810731707,,,,,,,,,,
,881,0.890889914,0.892682927,,,881,0.838233355,0.813658537,,,,,,,,,,
,882,0.891100857,0.889756098,,,882,0.838312459,0.815609756,,,,,,,,,,
,883,0.888174028,0.887804878,,,883,0.835227423,0.813658537,,,,,,,,,,
,884,0.893421226,0.883902439,,,884,0.840342782,0.818536585,,,,,,,,,,
,885,0.893816744,0.889756098,,,885,0.84158207,0.814634146,,,,,,,,,,
,886,0.894581411,0.888780488,,,886,0.841845748,0.817560976,,,,,,,,,,
,887,0.893869479,0.884878049,,,887,0.841977587,0.818536585,,,,,,,,,,
,888,0.893052076,0.885853659,,,888,0.839841793,0.819512195,,,,,,,,,,
,889,0.889492419,0.88195122,,,889,0.83757416,0.823414634,,,,,,,,,,
,890,0.892551088,0.88,,,890,0.840870138,0.820487805,,,,,,,,,,
,891,0.893157548,0.883902439,,,891,0.841476599,0.814634146,,,,,,,,,,
,892,0.894765985,0.883902439,,,892,0.841687541,0.811707317,,,,,,,,,,
,893,0.8943441,0.885853659,,,893,0.842663151,0.815609756,,,,,,,,,,
,894,0.890652604,0.884878049,,,894,0.838681608,0.814634146,,,,,,,,,,
,895,0.894133158,0.884878049,,,895,0.842083059,0.810731707,,,,,,,,,,
,896,0.893526697,0.887804878,,,896,0.840817403,0.810731707,,,,,,,,,,
,897,0.894396836,0.888780488,,,897,0.84242584,0.810731707,,,,,,,,,,
,898,0.895082399,0.888780488,,,898,0.843480554,0.810731707,,,,,,,,,,
,899,0.890362558,0.884878049,,,899,0.837785102,0.810731707,,,,,,,,,,
,900,0.893263019,0.886829268,,,900,0.84097561,0.811707317,,,,,,,,,,
,901,0.892023731,0.885853659,,,901,0.840263678,0.808780488,,,,,,,,,,
,902,0.89215557,0.88195122,,,902,0.839367172,0.807804878,,,,,,,,,,
,903,0.892419249,0.87902439,,,903,0.840922874,0.812682927,,,,,,,,,,
,904,0.892392881,0.88097561,,,904,0.840263678,0.809756098,,,,,,,,,,
,905,0.89094265,0.885853659,,,905,0.837284113,0.811707317,,,,,,,,,,
,906,0.892735662,0.88195122,,,906,0.840342782,0.810731707,,,,,,,,,,
,907,0.892577456,0.884878049,,,907,0.839841793,0.809756098,,,,,,,,,,
,908,0.894739618,0.885853659,,,908,0.841713909,0.809756098,,,,,,,,,,
,909,0.891733685,0.886829268,,,909,0.839314436,0.812682927,,,,,,,,,,
,910,0.891232696,0.887804878,,,910,0.84023731,0.812682927,,,,,,,,,,
,911,0.89350033,0.884878049,,,911,0.841529334,0.811707317,,,,,,,,,,
,912,0.893843111,0.889756098,,,912,0.842900461,0.814634146,,,,,,,,,,
,913,0.893025709,0.893658537,,,913,0.839709954,0.815609756,,,,,,,,,,
,914,0.893210283,0.888780488,,,914,0.841054713,0.815609756,,,,,,,,,,
,915,0.891153593,0.888780488,,,915,0.84023731,0.814634146,,,,,,,,,,
,916,0.894897825,0.891707317,,,916,0.842926829,0.812682927,,,,,,,,,,
,917,0.893104812,0.892682927,,,917,0.841502966,0.814634146,,,,,,,,,,
,918,0.896084377,0.895609756,,,918,0.842926829,0.816585366,,,,,,,,,,
,919,0.892630191,0.893658537,,,919,0.840263678,0.814634146,,,,,,,,,,
,920,0.890758075,0.890731707,,,920,0.839261701,0.816585366,,,,,,,,,,
,921,0.893895847,0.888780488,,,921,0.841872116,0.818536585,,,,,,,,,,
,922,0.892181938,0.889756098,,,922,0.84097561,0.819512195,,,,,,,,,,
,923,0.895398813,0.891707317,,,923,0.84437706,0.816585366,,,,,,,,,,
,924,0.895029664,0.884878049,,,924,0.842478576,0.815609756,,,,,,,,,,
,925,0.892419249,0.884878049,,,925,0.841898484,0.814634146,,,,,,,,,,
,926,0.894897825,0.886829268,,,926,0.844456163,0.814634146,,,,,,,,,,
,927,0.892735662,0.890731707,,,927,0.84181938,0.818536585,,,,,,,,,,
,928,0.892946605,0.887804878,,,928,0.841081081,0.819512195,,,,,,,,,,
,929,0.890204351,0.885853659,,,929,0.837837838,0.817560976,,,,,,,,,,
,930,0.896189848,0.885853659,,,930,0.845616348,0.818536585,,,,,,,,,,
,931,0.892630191,0.888780488,,,931,0.841898484,0.821463415,,,,,,,,,,
,932,0.894291365,0.888780488,,,932,0.842241266,0.818536585,,,,,,,,,,
,933,0.893289387,0.890731707,,,933,0.840342782,0.819512195,,,,,,,,,,
,934,0.894765985,0.887804878,,,934,0.842003955,0.817560976,,,,,,,,,,
,935,0.895794331,0.885853659,,,935,0.84474621,0.816585366,,,,,,,,,,
,936,0.894555043,0.885853659,,,936,0.841555702,0.815609756,,,,,,,,,,
,937,0.894423204,0.884878049,,,937,0.843243243,0.814634146,,,,,,,,,,
,938,0.893052076,0.884878049,,,938,0.840632828,0.817560976,,,,,,,,,,
,939,0.891760053,0.883902439,,,939,0.841239288,0.815609756,,,,,,,,,,
,940,0.892603823,0.884878049,,,940,0.841476599,0.814634146,,,,,,,,,,
,941,0.89252472,0.883902439,,,941,0.840711931,0.818536585,,,,,,,,,,
,942,0.893473962,0.88195122,,,942,0.841054713,0.814634146,,,,,,,,,,
,943,0.896875412,0.882926829,,,943,0.846301912,0.817560976,,,,,,,,,,
,944,0.894660514,0.884878049,,,944,0.842847726,0.815609756,,,,,,,,,,
,945,0.894159525,0.882926829,,,945,0.843032301,0.816585366,,,,,,,,,,
,946,0.891970995,0.884878049,,,946,0.842241266,0.814634146,,,,,,,,,,
,947,0.89313118,0.883902439,,,947,0.840290046,0.812682927,,,,,,,,,,
,948,0.893078444,0.887804878,,,948,0.839947264,0.811707317,,,,,,,,,,
,949,0.893447594,0.885853659,,,949,0.842689519,0.813658537,,,,,,,,,,
,950,0.893342123,0.887804878,,,950,0.841898484,0.816585366,,,,,,,,,,
,951,0.894238629,0.887804878,,,951,0.842083059,0.814634146,,,,,,,,,,
,952,0.89252472,0.888780488,,,952,0.84218853,0.817560976,,,,,,,,,,
,953,0.896849044,0.889756098,,,953,0.844772577,0.816585366,,,,,,,,,,
,954,0.891470007,0.890731707,,,954,0.839156229,0.815609756,,,,,,,,,,
,955,0.897007251,0.892682927,,,955,0.847593935,0.815609756,,,,,,,,,,
,956,0.893263019,0.892682927,,,956,0.841924852,0.815609756,,,,,,,,,,
,957,0.896980883,0.890731707,,,957,0.846486486,0.815609756,,,,,,,,,,
,958,0.894528675,0.884878049,,,958,0.844218853,0.817560976,,,,,,,,,,
,959,0.892366513,0.883902439,,,959,0.83976269,0.817560976,,,,,,,,,,
,960,0.892129202,0.882926829,,,960,0.84060646,0.817560976,,,,,,,,,,
,961,0.895978906,0.882926829,,,961,0.84498352,0.818536585,,,,,,,,,,
,962,0.892893869,0.882926829,,,962,0.84097561,0.819512195,,,,,,,,,,
,963,0.891153593,0.882926829,,,963,0.839973632,0.819512195,,,,,,,,,,
,964,0.896664469,0.88195122,,,964,0.844482531,0.816585366,,,,,,,,,,
,965,0.892340145,0.882926829,,,965,0.839894529,0.818536585,,,,,,,,,,
,966,0.893263019,0.882926829,,,966,0.840553724,0.819512195,,,,,,,,,,
,967,0.895978906,0.88195122,,,967,0.844851681,0.821463415,,,,,,,,,,
,968,0.893078444,0.88097561,,,968,0.8437706,0.819512195,,,,,,,,,,
,969,0.893078444,0.88195122,,,969,0.842399473,0.817560976,,,,,,,,,,
,970,0.896163481,0.882926829,,,970,0.843902439,0.817560976,,,,,,,,,,
,971,0.894607779,0.88195122,,,971,0.842504944,0.816585366,,,,,,,,,,
,972,0.893658537,0.88,,,972,0.840659196,0.817560976,,,,,,,,,,
,973,0.892577456,0.88,,,973,0.841766645,0.817560976,,,,,,,,,,
,974,0.893764008,0.88195122,,,974,0.841845748,0.817560976,,,,,,,,,,
,975,0.89653263,0.88097561,,,975,0.844166117,0.818536585,,,,,,,,,,
,976,0.89191826,0.88,,,976,0.839314436,0.816585366,,,,,,,,,,
,977,0.891707317,0.88097561,,,977,0.838628873,0.816585366,,,,,,,,,,
,978,0.892313777,0.882926829,,,978,0.840870138,0.816585366,,,,,,,,,,
,979,0.894291365,0.883902439,,,979,0.843454186,0.817560976,,,,,,,,,,
,980,0.892946605,0.884878049,,,980,0.84158207,0.815609756,,,,,,,,,,
,981,0.895636124,0.885853659,,,981,0.844113382,0.815609756,,,,,,,,,,
,982,0.896189848,0.884878049,,,982,0.843902439,0.815609756,,,,,,,,,,
,983,0.893553065,0.883902439,,,983,0.842821358,0.814634146,,,,,,,,,,
,984,0.895609756,0.883902439,,,984,0.843981543,0.815609756,,,,,,,,,,
,985,0.893711272,0.883902439,,,985,0.842003955,0.815609756,,,,,,,,,,
,986,0.892867502,0.883902439,,,986,0.841265656,0.815609756,,,,,,,,,,
,987,0.897165458,0.883902439,,,987,0.845827291,0.815609756,,,,,,,,,,
,988,0.896558998,0.883902439,,,988,0.846143705,0.815609756,,,,,,,,,,
,989,0.893843111,0.882926829,,,989,0.842162162,0.815609756,,,,,,,,,,
,990,0.895741595,0.884878049,,,990,0.843348715,0.816585366,,,,,,,,,,
,991,0.89336849,0.884878049,,,991,0.839868161,0.815609756,,,,,,,,,,
,992,0.893526697,0.884878049,,,992,0.840580092,0.816585366,,,,,,,,,,
,993,0.891338167,0.884878049,,,993,0.840105471,0.816585366,,,,,,,,,,
,994,0.895767963,0.885853659,,,994,0.844456163,0.815609756,,,,,,,,,,
,995,0.895082399,0.884878049,,,995,0.844166117,0.815609756,,,,,,,,,,
,996,0.895056032,0.884878049,,,996,0.843480554,0.815609756,,,,,,,,,,
,997,0.894555043,0.884878049,,,997,0.842768622,0.815609756,,,,,,,,,,
,998,0.895240606,0.884878049,,,998,0.844034278,0.815609756,,,,,,,,,,
,999,0.892577456,0.883902439,,,999,0.841133817,0.815609756,,,,,,,,,,
,1000,0.893658537,0.884878049,,,1000,0.843375082,0.816585366,,,,,,,,,,