"Step","summer-firefly-1 - train_accuracy","summer-firefly-1 - train_accuracy__MIN","summer-firefly-1 - train_accuracy__MAX","summer-firefly-1 - val_accuracy","summer-firefly-1 - val_accuracy__MIN","summer-firefly-1 - val_accuracy__MAX"
"1","0.5324324324324323","0.5324324324324323","0.5324324324324323","0.5700000000000002","0.5700000000000002","0.5700000000000002"
"3","0.5308108108108108","0.5308108108108108","0.5308108108108108","0.5700000000000002","0.5700000000000002","0.5700000000000002"
"5","0.5348648648648647","0.5348648648648647","0.5348648648648647","0.5700000000000002","0.5700000000000002","0.5700000000000002"
"7","0.5321621621621621","0.5321621621621621","0.5321621621621621","0.5700000000000002","0.5700000000000002","0.5700000000000002"
"9","0.5335135135135136","0.5335135135135136","0.5335135135135136","0.5399999999999995","0.5399999999999995","0.5399999999999995"
"11","0.5372972972972974","0.5372972972972974","0.5372972972972974","0.5399999999999995","0.5399999999999995","0.5399999999999995"
"13","0.5405405405405406","0.5405405405405406","0.5405405405405406","0.5100000000000001","0.5100000000000001","0.5100000000000001"
"15","0.5427027027027027","0.5427027027027027","0.5427027027027027","0.5","0.5","0.5"
"17","0.5427027027027026","0.5427027027027026","0.5427027027027026","0.5100000000000001","0.5100000000000001","0.5100000000000001"
"19","0.5416216216216216","0.5416216216216216","0.5416216216216216","0.5","0.5","0.5"
"21","0.5432432432432432","0.5432432432432432","0.5432432432432432","0.5500000000000004","0.5500000000000004","0.5500000000000004"
"23","0.544864864864865","0.544864864864865","0.544864864864865","0.5399999999999995","0.5399999999999995","0.5399999999999995"
"25","0.5416216216216218","0.5416216216216218","0.5416216216216218","0.5500000000000004","0.5500000000000004","0.5500000000000004"
"27","0.5456756756756758","0.5456756756756758","0.5456756756756758","0.53","0.53","0.53"
"29","0.5470270270270271","0.5470270270270271","0.5470270270270271","0.53","0.53","0.53"
"31","0.5483783783783786","0.5483783783783786","0.5483783783783786","0.5599999999999999","0.5599999999999999","0.5599999999999999"
"33","0.547837837837838","0.547837837837838","0.547837837837838","0.5700000000000002","0.5700000000000002","0.5700000000000002"
"35","0.5489189189189191","0.5489189189189191","0.5489189189189191","0.5799999999999995","0.5799999999999995","0.5799999999999995"
"37","0.545945945945946","0.545945945945946","0.545945945945946","0.5799999999999995","0.5799999999999995","0.5799999999999995"
"39","0.5499999999999998","0.5499999999999998","0.5499999999999998","0.6000000000000003","0.6000000000000003","0.6000000000000003"
"41","0.5467567567567567","0.5467567567567567","0.5467567567567567","0.6099999999999998","0.6099999999999998","0.6099999999999998"
"43","0.5508108108108108","0.5508108108108108","0.5508108108108108","0.59","0.59","0.59"
"45","0.5494594594594595","0.5494594594594595","0.5494594594594595","0.5500000000000004","0.5500000000000004","0.5500000000000004"
"47","0.552972972972973","0.552972972972973","0.552972972972973","0.6099999999999998","0.6099999999999998","0.6099999999999998"
"49","0.5524324324324325","0.5524324324324325","0.5524324324324325","0.59","0.59","0.59"
"51","0.5521621621621622","0.5521621621621622","0.5521621621621622","0.6099999999999998","0.6099999999999998","0.6099999999999998"
"53","0.5551351351351352","0.5551351351351352","0.5551351351351352","0.6000000000000003","0.6000000000000003","0.6000000000000003"
"55","0.5527027027027027","0.5527027027027027","0.5527027027027027","0.6000000000000003","0.6000000000000003","0.6000000000000003"
"57","0.5521621621621622","0.5521621621621622","0.5521621621621622","0.63","0.63","0.63"
"59","0.5562162162162163","0.5562162162162163","0.5562162162162163","0.6099999999999998","0.6099999999999998","0.6099999999999998"
"61","0.554054054054054","0.554054054054054","0.554054054054054","0.6400000000000002","0.6400000000000002","0.6400000000000002"
"63","0.5567567567567568","0.5567567567567568","0.5567567567567568","0.6099999999999998","0.6099999999999998","0.6099999999999998"
"65","0.555945945945946","0.555945945945946","0.555945945945946","0.59","0.59","0.59"
"67","0.5556756756756757","0.5556756756756757","0.5556756756756757","0.6000000000000003","0.6000000000000003","0.6000000000000003"
"69","0.5540540540540541","0.5540540540540541","0.5540540540540541","0.6099999999999998","0.6099999999999998","0.6099999999999998"
"71","0.5583783783783783","0.5583783783783783","0.5583783783783783","0.62","0.62","0.62"
"73","0.5583783783783784","0.5583783783783784","0.5583783783783784","0.63","0.63","0.63"
"75","0.5581081081081083","0.5581081081081083","0.5581081081081083","0.63","0.63","0.63"
"77","0.5597297297297298","0.5597297297297298","0.5597297297297298","0.62","0.62","0.62"
"79","0.5554054054054054","0.5554054054054054","0.5554054054054054","0.6099999999999998","0.6099999999999998","0.6099999999999998"
"81","0.5570270270270271","0.5570270270270271","0.5570270270270271","0.63","0.63","0.63"
"83","0.5610810810810812","0.5610810810810812","0.5610810810810812","0.6400000000000002","0.6400000000000002","0.6400000000000002"
"85","0.5594594594594595","0.5594594594594595","0.5594594594594595","0.6400000000000002","0.6400000000000002","0.6400000000000002"
"87","0.5600000000000002","0.5600000000000002","0.5600000000000002","0.6099999999999998","0.6099999999999998","0.6099999999999998"
"89","0.5637837837837838","0.5637837837837838","0.5637837837837838","0.6099999999999998","0.6099999999999998","0.6099999999999998"
"91","0.5594594594594594","0.5594594594594594","0.5594594594594594","0.6400000000000002","0.6400000000000002","0.6400000000000002"
"93","0.5602702702702704","0.5602702702702704","0.5602702702702704","0.6400000000000002","0.6400000000000002","0.6400000000000002"
"95","0.5651351351351351","0.5651351351351351","0.5651351351351351","0.62","0.62","0.62"
"97","0.5635135135135136","0.5635135135135136","0.5635135135135136","0.63","0.63","0.63"
"99","0.5618918918918918","0.5618918918918918","0.5618918918918918","0.63","0.63","0.63"
"101","0.5635135135135134","0.5635135135135134","0.5635135135135134","0.6000000000000003","0.6000000000000003","0.6000000000000003"
"103","0.5708108108108109","0.5708108108108109","0.5708108108108109","0.59","0.59","0.59"
"105","0.5621621621621621","0.5621621621621621","0.5621621621621621","0.5799999999999995","0.5799999999999995","0.5799999999999995"
"107","0.5624324324324326","0.5624324324324326","0.5624324324324326","0.5700000000000002","0.5700000000000002","0.5700000000000002"
"109","0.5597297297297299","0.5597297297297299","0.5597297297297299","0.5599999999999999","0.5599999999999999","0.5599999999999999"
"111","0.5645945945945946","0.5645945945945946","0.5645945945945946","0.5799999999999995","0.5799999999999995","0.5799999999999995"
"113","0.5683783783783783","0.5683783783783783","0.5683783783783783","0.6000000000000003","0.6000000000000003","0.6000000000000003"
"115","0.5662162162162162","0.5662162162162162","0.5662162162162162","0.62","0.62","0.62"
"117","0.5627027027027027","0.5627027027027027","0.5627027027027027","0.59","0.59","0.59"
"119","0.5645945945945945","0.5645945945945945","0.5645945945945945","0.6099999999999998","0.6099999999999998","0.6099999999999998"
"121","0.5654054054054054","0.5654054054054054","0.5654054054054054","0.6000000000000003","0.6000000000000003","0.6000000000000003"
"123","0.5678378378378378","0.5678378378378378","0.5678378378378378","0.5799999999999995","0.5799999999999995","0.5799999999999995"
"125","0.5681081081081082","0.5681081081081082","0.5681081081081082","0.6000000000000003","0.6000000000000003","0.6000000000000003"
"127","0.5654054054054054","0.5654054054054054","0.5654054054054054","0.6000000000000003","0.6000000000000003","0.6000000000000003"
"129","0.5645945945945948","0.5645945945945948","0.5645945945945948","0.6000000000000003","0.6000000000000003","0.6000000000000003"
"131","0.5686486486486486","0.5686486486486486","0.5686486486486486","0.5599999999999999","0.5599999999999999","0.5599999999999999"
"133","0.5691891891891893","0.5691891891891893","0.5691891891891893","0.5700000000000002","0.5700000000000002","0.5700000000000002"
"135","0.5691891891891889","0.5691891891891889","0.5691891891891889","0.6000000000000003","0.6000000000000003","0.6000000000000003"
"137","0.5672972972972972","0.5672972972972972","0.5672972972972972","0.6000000000000003","0.6000000000000003","0.6000000000000003"
"139","0.5694594594594594","0.5694594594594594","0.5694594594594594","0.59","0.59","0.59"
"141","0.5686486486486486","0.5686486486486486","0.5686486486486486","0.59","0.59","0.59"
"143","0.5681081081081082","0.5681081081081082","0.5681081081081082","0.5799999999999995","0.5799999999999995","0.5799999999999995"
"145","0.5713513513513515","0.5713513513513515","0.5713513513513515","0.59","0.59","0.59"
"147","0.5751351351351351","0.5751351351351351","0.5751351351351351","0.59","0.59","0.59"
"149","0.5686486486486487","0.5686486486486487","0.5686486486486487","0.5700000000000002","0.5700000000000002","0.5700000000000002"
"151","0.571081081081081","0.571081081081081","0.571081081081081","0.5700000000000002","0.5700000000000002","0.5700000000000002"
"153","0.5754054054054055","0.5754054054054055","0.5754054054054055","0.6000000000000003","0.6000000000000003","0.6000000000000003"
"155","0.5710810810810811","0.5710810810810811","0.5710810810810811","0.5799999999999995","0.5799999999999995","0.5799999999999995"
"157","0.5764864864864865","0.5764864864864865","0.5764864864864865","0.5799999999999995","0.5799999999999995","0.5799999999999995"
"159","0.5735135135135134","0.5735135135135134","0.5735135135135134","0.59","0.59","0.59"
"161","0.5724324324324324","0.5724324324324324","0.5724324324324324","0.5700000000000002","0.5700000000000002","0.5700000000000002"
"163","0.571891891891892","0.571891891891892","0.571891891891892","0.6000000000000003","0.6000000000000003","0.6000000000000003"
"165","0.5786486486486485","0.5786486486486485","0.5786486486486485","0.59","0.59","0.59"
"167","0.5754054054054052","0.5754054054054052","0.5754054054054052","0.6000000000000003","0.6000000000000003","0.6000000000000003"
"169","0.5762162162162162","0.5762162162162162","0.5762162162162162","0.6000000000000003","0.6000000000000003","0.6000000000000003"
"171","0.5764864864864865","0.5764864864864865","0.5764864864864865","0.6099999999999998","0.6099999999999998","0.6099999999999998"
"173","0.5789189189189188","0.5789189189189188","0.5789189189189188","0.59","0.59","0.59"
"175","0.5745945945945945","0.5745945945945945","0.5745945945945945","0.6000000000000003","0.6000000000000003","0.6000000000000003"
"177","0.5789189189189191","0.5789189189189191","0.5789189189189191","0.5799999999999995","0.5799999999999995","0.5799999999999995"
"179","0.572972972972973","0.572972972972973","0.572972972972973","0.59","0.59","0.59"
"181","0.5783783783783784","0.5783783783783784","0.5783783783783784","0.5700000000000002","0.5700000000000002","0.5700000000000002"
"183","0.5767567567567566","0.5767567567567566","0.5767567567567566","0.59","0.59","0.59"
"185","0.5775675675675676","0.5775675675675676","0.5775675675675676","0.5700000000000002","0.5700000000000002","0.5700000000000002"
"187","0.5770270270270269","0.5770270270270269","0.5770270270270269","0.5799999999999995","0.5799999999999995","0.5799999999999995"
"189","0.5751351351351351","0.5751351351351351","0.5751351351351351","0.5799999999999995","0.5799999999999995","0.5799999999999995"
"191","0.5840540540540541","0.5840540540540541","0.5840540540540541","0.59","0.59","0.59"
"193","0.5778378378378376","0.5778378378378376","0.5778378378378376","0.6000000000000003","0.6000000000000003","0.6000000000000003"
"195","0.5732432432432432","0.5732432432432432","0.5732432432432432","0.5599999999999999","0.5599999999999999","0.5599999999999999"
"197","0.5740540540540542","0.5740540540540542","0.5740540540540542","0.5700000000000002","0.5700000000000002","0.5700000000000002"
"199","0.5732432432432432","0.5732432432432432","0.5732432432432432","0.5599999999999999","0.5599999999999999","0.5599999999999999"
"201","0.581081081081081","0.581081081081081","0.581081081081081","0.5799999999999995","0.5799999999999995","0.5799999999999995"
"203","0.585945945945946","0.585945945945946","0.585945945945946","0.5799999999999995","0.5799999999999995","0.5799999999999995"
"205","0.5851351351351353","0.5851351351351353","0.5851351351351353","0.5799999999999995","0.5799999999999995","0.5799999999999995"
"207","0.5848648648648649","0.5848648648648649","0.5848648648648649","0.5599999999999999","0.5599999999999999","0.5599999999999999"
"209","0.5878378378378379","0.5878378378378379","0.5878378378378379","0.5599999999999999","0.5599999999999999","0.5599999999999999"
"211","0.5818918918918916","0.5818918918918916","0.5818918918918916","0.5399999999999995","0.5399999999999995","0.5399999999999995"
"213","0.5910810810810809","0.5910810810810809","0.5910810810810809","0.5599999999999999","0.5599999999999999","0.5599999999999999"
"215","0.5867567567567568","0.5867567567567568","0.5867567567567568","0.5599999999999999","0.5599999999999999","0.5599999999999999"
"217","0.5878378378378377","0.5878378378378377","0.5878378378378377","0.5799999999999995","0.5799999999999995","0.5799999999999995"
"219","0.5845945945945946","0.5845945945945946","0.5845945945945946","0.5599999999999999","0.5599999999999999","0.5599999999999999"
"221","0.5897297297297296","0.5897297297297296","0.5897297297297296","0.5500000000000004","0.5500000000000004","0.5500000000000004"
"223","0.5948648648648647","0.5948648648648647","0.5948648648648647","0.5700000000000002","0.5700000000000002","0.5700000000000002"
"225","0.5875675675675676","0.5875675675675676","0.5875675675675676","0.5599999999999999","0.5599999999999999","0.5599999999999999"
"227","0.5902702702702701","0.5902702702702701","0.5902702702702701","0.6099999999999998","0.6099999999999998","0.6099999999999998"
"229","0.592162162162162","0.592162162162162","0.592162162162162","0.59","0.59","0.59"
"231","0.5954054054054053","0.5954054054054053","0.5954054054054053","0.59","0.59","0.59"
"233","0.5921621621621622","0.5921621621621622","0.5921621621621622","0.6099999999999998","0.6099999999999998","0.6099999999999998"
"235","0.5970270270270269","0.5970270270270269","0.5970270270270269","0.63","0.63","0.63"
"237","0.5991891891891888","0.5991891891891888","0.5991891891891888","0.63","0.63","0.63"
"239","0.6002702702702702","0.6002702702702702","0.6002702702702702","0.6400000000000002","0.6400000000000002","0.6400000000000002"
"241","0.6010810810810813","0.6010810810810813","0.6010810810810813","0.6099999999999998","0.6099999999999998","0.6099999999999998"
"243","0.5970270270270268","0.5970270270270268","0.5970270270270268","0.6099999999999998","0.6099999999999998","0.6099999999999998"
"245","0.5986486486486484","0.5986486486486484","0.5986486486486484","0.5799999999999995","0.5799999999999995","0.5799999999999995"
"247","0.6008108108108108","0.6008108108108108","0.6008108108108108","0.5799999999999995","0.5799999999999995","0.5799999999999995"
"249","0.5975675675675675","0.5975675675675675","0.5975675675675675","0.59","0.59","0.59"
"251","0.598918918918919","0.598918918918919","0.598918918918919","0.6000000000000003","0.6000000000000003","0.6000000000000003"
"253","0.6005405405405406","0.6005405405405406","0.6005405405405406","0.59","0.59","0.59"
"255","0.5999999999999996","0.5999999999999996","0.5999999999999996","0.59","0.59","0.59"
"257","0.6024324324324324","0.6024324324324324","0.6024324324324324","0.5799999999999995","0.5799999999999995","0.5799999999999995"
"259","0.6000000000000001","0.6000000000000001","0.6000000000000001","0.6000000000000003","0.6000000000000003","0.6000000000000003"
"261","0.6032432432432433","0.6032432432432433","0.6032432432432433","0.6000000000000003","0.6000000000000003","0.6000000000000003"
"263","0.6040540540540538","0.6040540540540538","0.6040540540540538","0.5700000000000002","0.5700000000000002","0.5700000000000002"
"265","0.6035135135135135","0.6035135135135135","0.6035135135135135","0.5799999999999995","0.5799999999999995","0.5799999999999995"
"267","0.6032432432432433","0.6032432432432433","0.6032432432432433","0.5799999999999995","0.5799999999999995","0.5799999999999995"
"269","0.6091891891891893","0.6091891891891893","0.6091891891891893","0.5799999999999995","0.5799999999999995","0.5799999999999995"
"271","0.618108108108108","0.618108108108108","0.618108108108108","0.5599999999999999","0.5599999999999999","0.5599999999999999"
"273","0.6127027027027026","0.6127027027027026","0.6127027027027026","0.5599999999999999","0.5599999999999999","0.5599999999999999"
"275","0.6091891891891894","0.6091891891891894","0.6091891891891894","0.5500000000000004","0.5500000000000004","0.5500000000000004"
"277","0.6064864864864865","0.6064864864864865","0.6064864864864865","0.5700000000000002","0.5700000000000002","0.5700000000000002"
"279","0.6162162162162161","0.6162162162162161","0.6162162162162161","0.5799999999999995","0.5799999999999995","0.5799999999999995"
"281","0.6062162162162161","0.6062162162162161","0.6062162162162161","0.6000000000000003","0.6000000000000003","0.6000000000000003"
"283","0.61027027027027","0.61027027027027","0.61027027027027","0.5799999999999995","0.5799999999999995","0.5799999999999995"
"285","0.6097297297297297","0.6097297297297297","0.6097297297297297","0.59","0.59","0.59"
"287","0.617027027027027","0.617027027027027","0.617027027027027","0.6000000000000003","0.6000000000000003","0.6000000000000003"
"289","0.615945945945946","0.615945945945946","0.615945945945946","0.63","0.63","0.63"
"291","0.6108108108108108","0.6108108108108108","0.6108108108108108","0.6400000000000002","0.6400000000000002","0.6400000000000002"
"293","0.614054054054054","0.614054054054054","0.614054054054054","0.62","0.62","0.62"
"295","0.6162162162162161","0.6162162162162161","0.6162162162162161","0.66","0.66","0.66"
"297","0.6175675675675674","0.6175675675675674","0.6175675675675674","0.6700000000000006","0.6700000000000006","0.6700000000000006"
"299","0.6181081081081081","0.6181081081081081","0.6181081081081081","0.6700000000000006","0.6700000000000006","0.6700000000000006"
"301","0.6129729729729729","0.6129729729729729","0.6129729729729729","0.6799999999999998","0.6799999999999998","0.6799999999999998"
"303","0.6167567567567567","0.6167567567567567","0.6167567567567567","0.6799999999999998","0.6799999999999998","0.6799999999999998"
"305","0.6102702702702703","0.6102702702702703","0.6102702702702703","0.6799999999999998","0.6799999999999998","0.6799999999999998"
"307","0.6164864864864864","0.6164864864864864","0.6164864864864864","0.6900000000000002","0.6900000000000002","0.6900000000000002"
"309","0.6186486486486488","0.6186486486486488","0.6186486486486488","0.6799999999999998","0.6799999999999998","0.6799999999999998"
"311","0.6186486486486489","0.6186486486486489","0.6186486486486489","0.6900000000000002","0.6900000000000002","0.6900000000000002"
"313","0.6286486486486484","0.6286486486486484","0.6286486486486484","0.6900000000000002","0.6900000000000002","0.6900000000000002"
"315","0.6205405405405405","0.6205405405405405","0.6205405405405405","0.6900000000000002","0.6900000000000002","0.6900000000000002"
"317","0.6259459459459459","0.6259459459459459","0.6259459459459459","0.7300000000000003","0.7300000000000003","0.7300000000000003"
"319","0.6275675675675674","0.6275675675675674","0.6275675675675674","0.7100000000000005","0.7100000000000005","0.7100000000000005"
"321","0.6378378378378379","0.6378378378378379","0.6378378378378379","0.7100000000000005","0.7100000000000005","0.7100000000000005"
"323","0.6297297297297297","0.6297297297297297","0.6297297297297297","0.6999999999999996","0.6999999999999996","0.6999999999999996"
"325","0.6337837837837837","0.6337837837837837","0.6337837837837837","0.6900000000000002","0.6900000000000002","0.6900000000000002"
"327","0.6340540540540539","0.6340540540540539","0.6340540540540539","0.6999999999999996","0.6999999999999996","0.6999999999999996"
"329","0.6310810810810811","0.6310810810810811","0.6310810810810811","0.7100000000000005","0.7100000000000005","0.7100000000000005"
"331","0.6375675675675676","0.6375675675675676","0.6375675675675676","0.6999999999999996","0.6999999999999996","0.6999999999999996"
"333","0.6405405405405405","0.6405405405405405","0.6405405405405405","0.7199999999999998","0.7199999999999998","0.7199999999999998"
"335","0.6343243243243243","0.6343243243243243","0.6343243243243243","0.7399999999999994","0.7399999999999994","0.7399999999999994"
"337","0.6356756756756756","0.6356756756756756","0.6356756756756756","0.7399999999999994","0.7399999999999994","0.7399999999999994"
"339","0.6391891891891892","0.6391891891891892","0.6391891891891892","0.7300000000000003","0.7300000000000003","0.7300000000000003"
"341","0.6402702702702703","0.6402702702702703","0.6402702702702703","0.7199999999999998","0.7199999999999998","0.7199999999999998"
"343","0.6408108108108108","0.6408108108108108","0.6408108108108108","0.7399999999999994","0.7399999999999994","0.7399999999999994"
"345","0.6505405405405406","0.6505405405405406","0.6505405405405406","0.7699999999999997","0.7699999999999997","0.7699999999999997"
"347","0.6483783783783783","0.6483783783783783","0.6483783783783783","0.7800000000000004","0.7800000000000004","0.7800000000000004"
"349","0.6513513513513515","0.6513513513513515","0.6513513513513515","0.8099999999999996","0.8099999999999996","0.8099999999999996"
"351","0.6510810810810812","0.6510810810810812","0.6510810810810812","0.7899999999999995","0.7899999999999995","0.7899999999999995"
"353","0.6510810810810812","0.6510810810810812","0.6510810810810812","0.7800000000000004","0.7800000000000004","0.7800000000000004"
"355","0.652162162162162","0.652162162162162","0.652162162162162","0.7800000000000004","0.7800000000000004","0.7800000000000004"
"357","0.6586486486486488","0.6586486486486488","0.6586486486486488","0.7600000000000006","0.7600000000000006","0.7600000000000006"
"359","0.6456756756756757","0.6456756756756757","0.6456756756756757","0.7300000000000003","0.7300000000000003","0.7300000000000003"
"361","0.6562162162162164","0.6562162162162164","0.6562162162162164","0.7300000000000003","0.7300000000000003","0.7300000000000003"
"363","0.6564864864864866","0.6564864864864866","0.6564864864864866","0.75","0.75","0.75"
"365","0.6543243243243243","0.6543243243243243","0.6543243243243243","0.7199999999999998","0.7199999999999998","0.7199999999999998"
"367","0.6505405405405406","0.6505405405405406","0.6505405405405406","0.6799999999999998","0.6799999999999998","0.6799999999999998"
"369","0.6559459459459459","0.6559459459459459","0.6559459459459459","0.7100000000000005","0.7100000000000005","0.7100000000000005"
"371","0.6562162162162164","0.6562162162162164","0.6562162162162164","0.6999999999999996","0.6999999999999996","0.6999999999999996"
"373","0.6651351351351352","0.6651351351351352","0.6651351351351352","0.7300000000000003","0.7300000000000003","0.7300000000000003"
"375","0.6556756756756758","0.6556756756756758","0.6556756756756758","0.7300000000000003","0.7300000000000003","0.7300000000000003"
"377","0.6743243243243243","0.6743243243243243","0.6743243243243243","0.7399999999999994","0.7399999999999994","0.7399999999999994"
"379","0.6737837837837837","0.6737837837837837","0.6737837837837837","0.75","0.75","0.75"
"381","0.6716216216216218","0.6716216216216218","0.6716216216216218","0.75","0.75","0.75"
"383","0.6772972972972975","0.6772972972972975","0.6772972972972975","0.7600000000000006","0.7600000000000006","0.7600000000000006"
"385","0.678108108108108","0.678108108108108","0.678108108108108","0.7600000000000006","0.7600000000000006","0.7600000000000006"
"387","0.6756756756756755","0.6756756756756755","0.6756756756756755","0.75","0.75","0.75"
"389","0.6751351351351349","0.6751351351351349","0.6751351351351349","0.7800000000000004","0.7800000000000004","0.7800000000000004"
"391","0.6781081081081083","0.6781081081081083","0.6781081081081083","0.7899999999999995","0.7899999999999995","0.7899999999999995"
"393","0.6835135135135137","0.6835135135135137","0.6835135135135137","0.7899999999999995","0.7899999999999995","0.7899999999999995"
"395","0.6856756756756757","0.6856756756756757","0.6856756756756757","0.7800000000000004","0.7800000000000004","0.7800000000000004"
"397","0.6835135135135136","0.6835135135135136","0.6835135135135136","0.7699999999999997","0.7699999999999997","0.7699999999999997"
"399","0.6902702702702701","0.6902702702702701","0.6902702702702701","0.7800000000000004","0.7800000000000004","0.7800000000000004"
"401","0.6943243243243243","0.6943243243243243","0.6943243243243243","0.7800000000000004","0.7800000000000004","0.7800000000000004"
"403","0.7024324324324325","0.7024324324324325","0.7024324324324325","0.8000000000000004","0.8000000000000004","0.8000000000000004"
"405","0.7140540540540539","0.7140540540540539","0.7140540540540539","0.7800000000000004","0.7800000000000004","0.7800000000000004"
"407","0.7135135135135133","0.7135135135135133","0.7135135135135133","0.7699999999999997","0.7699999999999997","0.7699999999999997"
"409","0.7070270270270271","0.7070270270270271","0.7070270270270271","0.7800000000000004","0.7800000000000004","0.7800000000000004"
"411","0.718108108108108","0.718108108108108","0.718108108108108","0.7899999999999995","0.7899999999999995","0.7899999999999995"
"413","0.716756756756757","0.716756756756757","0.716756756756757","0.8200000000000002","0.8200000000000002","0.8200000000000002"
"415","0.7275675675675677","0.7275675675675677","0.7275675675675677","0.84","0.84","0.84"
"417","0.722972972972973","0.722972972972973","0.722972972972973","0.8500000000000005","0.8500000000000005","0.8500000000000005"
"419","0.7294594594594594","0.7294594594594594","0.7294594594594594","0.8700000000000003","0.8700000000000003","0.8700000000000003"
"421","0.7205405405405404","0.7205405405405404","0.7205405405405404","0.8599999999999997","0.8599999999999997","0.8599999999999997"
"423","0.7332432432432434","0.7332432432432434","0.7332432432432434","0.8700000000000003","0.8700000000000003","0.8700000000000003"
"425","0.7410810810810811","0.7410810810810811","0.7410810810810811","0.8700000000000003","0.8700000000000003","0.8700000000000003"
"427","0.7467567567567569","0.7467567567567569","0.7467567567567569","0.8599999999999997","0.8599999999999997","0.8599999999999997"
"429","0.7432432432432432","0.7432432432432432","0.7432432432432432","0.8700000000000003","0.8700000000000003","0.8700000000000003"
"431","0.7624324324324323","0.7624324324324323","0.7624324324324323","0.8999999999999994","0.8999999999999994","0.8999999999999994"
"433","0.7578378378378376","0.7578378378378376","0.7578378378378376","0.8900000000000003","0.8900000000000003","0.8900000000000003"
"435","0.775135135135135","0.775135135135135","0.775135135135135","0.8999999999999994","0.8999999999999994","0.8999999999999994"
"437","0.773783783783784","0.773783783783784","0.773783783783784","0.8900000000000003","0.8900000000000003","0.8900000000000003"
"439","0.7762162162162162","0.7762162162162162","0.7762162162162162","0.8999999999999994","0.8999999999999994","0.8999999999999994"
"441","0.7781081081081082","0.7781081081081082","0.7781081081081082","0.8900000000000003","0.8900000000000003","0.8900000000000003"
"443","0.7848648648648648","0.7848648648648648","0.7848648648648648","0.8799999999999997","0.8799999999999997","0.8799999999999997"
"445","0.7808108108108108","0.7808108108108108","0.7808108108108108","0.8700000000000003","0.8700000000000003","0.8700000000000003"
"447","0.7827027027027028","0.7827027027027028","0.7827027027027028","0.9200000000000009","0.9200000000000009","0.9200000000000009"
"449","0.7897297297297298","0.7897297297297298","0.7897297297297298","0.9200000000000009","0.9200000000000009","0.9200000000000009"
"451","0.7962162162162161","0.7962162162162161","0.7962162162162161","0.9299999999999999","0.9299999999999999","0.9299999999999999"
"453","0.7913513513513514","0.7913513513513514","0.7913513513513514","0.9299999999999999","0.9299999999999999","0.9299999999999999"
"455","0.8013513513513513","0.8013513513513513","0.8013513513513513","0.9499999999999997","0.9499999999999997","0.9499999999999997"
"457","0.7978378378378377","0.7978378378378377","0.7978378378378377","0.9400000000000002","0.9400000000000002","0.9400000000000002"
"459","0.8040540540540541","0.8040540540540541","0.8040540540540541","0.9499999999999997","0.9499999999999997","0.9499999999999997"
"461","0.8029729729729731","0.8029729729729731","0.8029729729729731","0.9200000000000009","0.9200000000000009","0.9200000000000009"
"463","0.8081081081081082","0.8081081081081082","0.8081081081081082","0.9099999999999998","0.9099999999999998","0.9099999999999998"
"465","0.8075675675675674","0.8075675675675674","0.8075675675675674","0.9299999999999999","0.9299999999999999","0.9299999999999999"
"467","0.8154054054054052","0.8154054054054052","0.8154054054054052","0.9099999999999998","0.9099999999999998","0.9099999999999998"
"469","0.8181081081081079","0.8181081081081079","0.8181081081081079","0.8900000000000003","0.8900000000000003","0.8900000000000003"
"471","0.8162162162162163","0.8162162162162163","0.8162162162162163","0.8999999999999994","0.8999999999999994","0.8999999999999994"
"473","0.821081081081081","0.821081081081081","0.821081081081081","0.9099999999999998","0.9099999999999998","0.9099999999999998"
"475","0.8256756756756755","0.8256756756756755","0.8256756756756755","0.9400000000000002","0.9400000000000002","0.9400000000000002"
"477","0.8289189189189189","0.8289189189189189","0.8289189189189189","0.9299999999999999","0.9299999999999999","0.9299999999999999"
"479","0.8294594594594594","0.8294594594594594","0.8294594594594594","0.9299999999999999","0.9299999999999999","0.9299999999999999"
"481","0.8405405405405403","0.8405405405405403","0.8405405405405403","0.9299999999999999","0.9299999999999999","0.9299999999999999"
"483","0.8391891891891892","0.8391891891891892","0.8391891891891892","0.9400000000000002","0.9400000000000002","0.9400000000000002"
"485","0.8456756756756754","0.8456756756756754","0.8456756756756754","0.9299999999999999","0.9299999999999999","0.9299999999999999"
"487","0.8464864864864863","0.8464864864864863","0.8464864864864863","0.9299999999999999","0.9299999999999999","0.9299999999999999"
"489","0.8416216216216216","0.8416216216216216","0.8416216216216216","0.9400000000000002","0.9400000000000002","0.9400000000000002"
"491","0.8545945945945946","0.8545945945945946","0.8545945945945946","0.9600000000000006","0.9600000000000006","0.9600000000000006"
"493","0.8597297297297297","0.8597297297297297","0.8597297297297297","0.9600000000000006","0.9600000000000006","0.9600000000000006"
"495","0.864054054054054","0.864054054054054","0.864054054054054","0.9600000000000006","0.9600000000000006","0.9600000000000006"
"497","0.8632432432432434","0.8632432432432434","0.8632432432432434","0.9600000000000006","0.9600000000000006","0.9600000000000006"
"499","0.8683783783783783","0.8683783783783783","0.8683783783783783","0.9499999999999997","0.9499999999999997","0.9499999999999997"
"501","0.8681081081081082","0.8681081081081082","0.8681081081081082","0.9699999999999994","0.9699999999999994","0.9699999999999994"
"503","0.8618918918918917","0.8618918918918917","0.8618918918918917","0.9600000000000006","0.9600000000000006","0.9600000000000006"
"505","0.8632432432432434","0.8632432432432434","0.8632432432432434","0.9699999999999994","0.9699999999999994","0.9699999999999994"
"507","0.8664864864864862","0.8664864864864862","0.8664864864864862","0.9600000000000006","0.9600000000000006","0.9600000000000006"
"509","0.8718918918918919","0.8718918918918919","0.8718918918918919","0.9499999999999997","0.9499999999999997","0.9499999999999997"
"511","0.8705405405405408","0.8705405405405408","0.8705405405405408","0.9600000000000006","0.9600000000000006","0.9600000000000006"
"513","0.8735135135135137","0.8735135135135137","0.8735135135135137","0.9600000000000006","0.9600000000000006","0.9600000000000006"
"515","0.8718918918918922","0.8718918918918922","0.8718918918918922","0.9600000000000006","0.9600000000000006","0.9600000000000006"
"517","0.879189189189189","0.879189189189189","0.879189189189189","0.9600000000000006","0.9600000000000006","0.9600000000000006"
"519","0.8799999999999999","0.8799999999999999","0.8799999999999999","0.9499999999999997","0.9499999999999997","0.9499999999999997"
"521","0.8786486486486486","0.8786486486486486","0.8786486486486486","0.9600000000000006","0.9600000000000006","0.9600000000000006"
"523","0.8875675675675676","0.8875675675675676","0.8875675675675676","0.9499999999999997","0.9499999999999997","0.9499999999999997"
"525","0.8818918918918918","0.8818918918918918","0.8818918918918918","0.9499999999999997","0.9499999999999997","0.9499999999999997"
"527","0.8848648648648649","0.8848648648648649","0.8848648648648649","0.9600000000000006","0.9600000000000006","0.9600000000000006"
"529","0.8905405405405407","0.8905405405405407","0.8905405405405407","0.9699999999999994","0.9699999999999994","0.9699999999999994"
"531","0.8921621621621619","0.8921621621621619","0.8921621621621619","0.9600000000000006","0.9600000000000006","0.9600000000000006"
"533","0.8935135135135134","0.8935135135135134","0.8935135135135134","0.9699999999999994","0.9699999999999994","0.9699999999999994"
"535","0.8970270270270272","0.8970270270270272","0.8970270270270272","0.9600000000000006","0.9600000000000006","0.9600000000000006"
"537","0.9040540540540541","0.9040540540540541","0.9040540540540541","0.9600000000000006","0.9600000000000006","0.9600000000000006"
"539","0.8991891891891894","0.8991891891891894","0.8991891891891894","0.9600000000000006","0.9600000000000006","0.9600000000000006"
"541","0.9043243243243242","0.9043243243243242","0.9043243243243242","0.9600000000000006","0.9600000000000006","0.9600000000000006"
"543","0.9037837837837839","0.9037837837837839","0.9037837837837839","0.9600000000000006","0.9600000000000006","0.9600000000000006"
"545","0.8997297297297299","0.8997297297297299","0.8997297297297299","0.9600000000000006","0.9600000000000006","0.9600000000000006"
"547","0.9010810810810813","0.9010810810810813","0.9010810810810813","0.9699999999999994","0.9699999999999994","0.9699999999999994"
"549","0.9021621621621623","0.9021621621621623","0.9021621621621623","0.9600000000000006","0.9600000000000006","0.9600000000000006"
"551","0.9021621621621624","0.9021621621621624","0.9021621621621624","0.9600000000000006","0.9600000000000006","0.9600000000000006"
"553","0.9013513513513514","0.9013513513513514","0.9013513513513514","0.9600000000000006","0.9600000000000006","0.9600000000000006"
"555","0.9027027027027028","0.9027027027027028","0.9027027027027028","0.9499999999999997","0.9499999999999997","0.9499999999999997"
"557","0.9027027027027028","0.9027027027027028","0.9027027027027028","0.9299999999999999","0.9299999999999999","0.9299999999999999"
"559","0.9048648648648647","0.9048648648648647","0.9048648648648647","0.9499999999999997","0.9499999999999997","0.9499999999999997"
"561","0.8986486486486485","0.8986486486486485","0.8986486486486485","0.9600000000000006","0.9600000000000006","0.9600000000000006"
"563","0.9000000000000001","0.9000000000000001","0.9000000000000001","0.9600000000000006","0.9600000000000006","0.9600000000000006"
"565","0.9024324324324322","0.9024324324324322","0.9024324324324322","0.9600000000000006","0.9600000000000006","0.9600000000000006"
"567","0.9121621621621622","0.9121621621621622","0.9121621621621622","0.9600000000000006","0.9600000000000006","0.9600000000000006"
"569","0.9067567567567568","0.9067567567567568","0.9067567567567568","0.98","0.98","0.98"
"571","0.9110810810810813","0.9110810810810813","0.9110810810810813","0.98","0.98","0.98"
"573","0.9145945945945949","0.9145945945945949","0.9145945945945949","0.98","0.98","0.98"
"575","0.9183783783783783","0.9183783783783783","0.9183783783783783","0.9699999999999994","0.9699999999999994","0.9699999999999994"
"577","0.9159459459459461","0.9159459459459461","0.9159459459459461","0.9699999999999994","0.9699999999999994","0.9699999999999994"
"579","0.918918918918919","0.918918918918919","0.918918918918919","0.9699999999999994","0.9699999999999994","0.9699999999999994"
"581","0.9210810810810814","0.9210810810810814","0.9210810810810814","0.9699999999999994","0.9699999999999994","0.9699999999999994"
"583","0.9232432432432436","0.9232432432432436","0.9232432432432436","0.9699999999999994","0.9699999999999994","0.9699999999999994"
"585","0.9200000000000002","0.9200000000000002","0.9200000000000002","0.9699999999999994","0.9699999999999994","0.9699999999999994"
"587","0.9227027027027029","0.9227027027027029","0.9227027027027029","0.9699999999999994","0.9699999999999994","0.9699999999999994"
"589","0.9200000000000004","0.9200000000000004","0.9200000000000004","0.9699999999999994","0.9699999999999994","0.9699999999999994"
"591","0.9151351351351353","0.9151351351351353","0.9151351351351353","0.9699999999999994","0.9699999999999994","0.9699999999999994"
"593","0.9240540540540544","0.9240540540540544","0.9240540540540544","0.98","0.98","0.98"
"595","0.9262162162162163","0.9262162162162163","0.9262162162162163","0.9699999999999994","0.9699999999999994","0.9699999999999994"
"597","0.9248648648648649","0.9248648648648649","0.9248648648648649","0.98","0.98","0.98"
"599","0.9291891891891892","0.9291891891891892","0.9291891891891892","0.9699999999999994","0.9699999999999994","0.9699999999999994"
"601","0.9270270270270273","0.9270270270270273","0.9270270270270273","0.98","0.98","0.98"
"603","0.9270270270270271","0.9270270270270271","0.9270270270270271","0.98","0.98","0.98"
"605","0.9327027027027026","0.9327027027027026","0.9327027027027026","0.98","0.98","0.98"
"607","0.9297297297297299","0.9297297297297299","0.9297297297297299","0.9699999999999994","0.9699999999999994","0.9699999999999994"
"609","0.9305405405405407","0.9305405405405407","0.9305405405405407","0.9600000000000006","0.9600000000000006","0.9600000000000006"
"611","0.9340540540540541","0.9340540540540541","0.9340540540540541","0.98","0.98","0.98"
"613","0.93","0.93","0.93","0.9899999999999997","0.9899999999999997","0.9899999999999997"
"615","0.9351351351351354","0.9351351351351354","0.9351351351351354","0.98","0.98","0.98"
"617","0.9329729729729732","0.9329729729729732","0.9329729729729732","0.98","0.98","0.98"
"619","0.9324324324324327","0.9324324324324327","0.9324324324324327","0.9899999999999997","0.9899999999999997","0.9899999999999997"
"621","0.9345945945945947","0.9345945945945947","0.9345945945945947","0.9899999999999997","0.9899999999999997","0.9899999999999997"
"623","0.9372972972972975","0.9372972972972975","0.9372972972972975","0.98","0.98","0.98"
"625","0.9362162162162162","0.9362162162162162","0.9362162162162162","0.98","0.98","0.98"
"627","0.935675675675676","0.935675675675676","0.935675675675676","0.9899999999999997","0.9899999999999997","0.9899999999999997"
"629","0.9375675675675677","0.9375675675675677","0.9375675675675677","0.98","0.98","0.98"
"631","0.9389189189189193","0.9389189189189193","0.9389189189189193","0.98","0.98","0.98"
"633","0.9421621621621623","0.9421621621621623","0.9421621621621623","1","1","1"
"635","0.9402702702702702","0.9402702702702702","0.9402702702702702","1","1","1"
"637","0.9391891891891894","0.9391891891891894","0.9391891891891894","0.9899999999999997","0.9899999999999997","0.9899999999999997"
"639","0.9440540540540543","0.9440540540540543","0.9440540540540543","0.9899999999999997","0.9899999999999997","0.9899999999999997"
"641","0.9448648648648651","0.9448648648648651","0.9448648648648651","0.9899999999999997","0.9899999999999997","0.9899999999999997"
"643","0.9405405405405407","0.9405405405405407","0.9405405405405407","0.9899999999999997","0.9899999999999997","0.9899999999999997"
"645","0.9435135135135136","0.9435135135135136","0.9435135135135136","0.9899999999999997","0.9899999999999997","0.9899999999999997"
"647","0.9462162162162162","0.9462162162162162","0.9462162162162162","0.9899999999999997","0.9899999999999997","0.9899999999999997"
"649","0.9443243243243244","0.9443243243243244","0.9443243243243244","0.9899999999999997","0.9899999999999997","0.9899999999999997"
"651","0.9451351351351351","0.9451351351351351","0.9451351351351351","0.9899999999999997","0.9899999999999997","0.9899999999999997"
"653","0.9459459459459462","0.9459459459459462","0.9459459459459462","0.98","0.98","0.98"
"655","0.947027027027027","0.947027027027027","0.947027027027027","0.9899999999999997","0.9899999999999997","0.9899999999999997"
"657","0.9470270270270272","0.9470270270270272","0.9470270270270272","0.9899999999999997","0.9899999999999997","0.9899999999999997"
"659","0.946756756756757","0.946756756756757","0.946756756756757","0.98","0.98","0.98"
"661","0.9462162162162163","0.9462162162162163","0.9462162162162163","0.9899999999999997","0.9899999999999997","0.9899999999999997"
"663","0.9497297297297296","0.9497297297297296","0.9497297297297296","0.9899999999999997","0.9899999999999997","0.9899999999999997"
"665","0.9462162162162163","0.9462162162162163","0.9462162162162163","0.9899999999999997","0.9899999999999997","0.9899999999999997"
"667","0.9489189189189189","0.9489189189189189","0.9489189189189189","0.9699999999999994","0.9699999999999994","0.9699999999999994"
"669","0.95027027027027","0.95027027027027","0.95027027027027","0.9899999999999997","0.9899999999999997","0.9899999999999997"
"671","0.9459459459459459","0.9459459459459459","0.9459459459459459","0.9899999999999997","0.9899999999999997","0.9899999999999997"
"673","0.9481081081081083","0.9481081081081083","0.9481081081081083","0.98","0.98","0.98"
"675","0.9478378378378378","0.9478378378378378","0.9478378378378378","0.98","0.98","0.98"
"677","0.951891891891892","0.951891891891892","0.951891891891892","0.98","0.98","0.98"
"679","0.95","0.95","0.95","0.98","0.98","0.98"
"681","0.9497297297297294","0.9497297297297294","0.9497297297297294","0.98","0.98","0.98"
"683","0.9532432432432433","0.9532432432432433","0.9532432432432433","0.9899999999999997","0.9899999999999997","0.9899999999999997"
"685","0.9540540540540542","0.9540540540540542","0.9540540540540542","0.9899999999999997","0.9899999999999997","0.9899999999999997"
"687","0.9551351351351353","0.9551351351351353","0.9551351351351353","0.9899999999999997","0.9899999999999997","0.9899999999999997"
"689","0.954864864864865","0.954864864864865","0.954864864864865","0.9899999999999997","0.9899999999999997","0.9899999999999997"
"691","0.9535135135135132","0.9535135135135132","0.9535135135135132","0.9899999999999997","0.9899999999999997","0.9899999999999997"
"693","0.9537837837837839","0.9537837837837839","0.9537837837837839","0.9899999999999997","0.9899999999999997","0.9899999999999997"
"695","0.9521621621621627","0.9521621621621627","0.9521621621621627","0.9899999999999997","0.9899999999999997","0.9899999999999997"
"697","0.9548648648648648","0.9548648648648648","0.9548648648648648","0.9699999999999994","0.9699999999999994","0.9699999999999994"
"699","0.9529729729729733","0.9529729729729733","0.9529729729729733","0.9699999999999994","0.9699999999999994","0.9699999999999994"
"701","0.9572972972972972","0.9572972972972972","0.9572972972972972","0.98","0.98","0.98"
"703","0.9575675675675678","0.9575675675675678","0.9575675675675678","0.98","0.98","0.98"
"705","0.9564864864864869","0.9564864864864869","0.9564864864864869","0.9899999999999997","0.9899999999999997","0.9899999999999997"
"707","0.9589189189189188","0.9589189189189188","0.9589189189189188","0.98","0.98","0.98"
"709","0.9599999999999999","0.9599999999999999","0.9599999999999999","0.98","0.98","0.98"
"711","0.9578378378378379","0.9578378378378379","0.9578378378378379","0.98","0.98","0.98"
"713","0.9591891891891893","0.9591891891891893","0.9591891891891893","0.9899999999999997","0.9899999999999997","0.9899999999999997"
"715","0.9594594594594597","0.9594594594594597","0.9594594594594597","0.9899999999999997","0.9899999999999997","0.9899999999999997"
"717","0.9589189189189188","0.9589189189189188","0.9589189189189188","0.9899999999999997","0.9899999999999997","0.9899999999999997"
"719","0.9597297297297299","0.9597297297297299","0.9597297297297299","0.9899999999999997","0.9899999999999997","0.9899999999999997"
"721","0.9597297297297299","0.9597297297297299","0.9597297297297299","1","1","1"
"723","0.9591891891891893","0.9591891891891893","0.9591891891891893","0.9899999999999997","0.9899999999999997","0.9899999999999997"
"725","0.9624324324324326","0.9624324324324326","0.9624324324324326","1","1","1"
"727","0.9624324324324323","0.9624324324324323","0.9624324324324323","0.9899999999999997","0.9899999999999997","0.9899999999999997"
"729","0.9624324324324326","0.9624324324324326","0.9624324324324326","0.9899999999999997","0.9899999999999997","0.9899999999999997"
"731","0.9610810810810811","0.9610810810810811","0.9610810810810811","0.9899999999999997","0.9899999999999997","0.9899999999999997"
"733","0.9643243243243244","0.9643243243243244","0.9643243243243244","0.9899999999999997","0.9899999999999997","0.9899999999999997"
"735","0.9637837837837839","0.9637837837837839","0.9637837837837839","1","1","1"
"737","0.9635135135135133","0.9635135135135133","0.9635135135135133","1","1","1"
"739","0.9648648648648648","0.9648648648648648","0.9648648648648648","0.9899999999999997","0.9899999999999997","0.9899999999999997"
"741","0.9648648648648648","0.9648648648648648","0.9648648648648648","0.98","0.98","0.98"
"743","0.9621621621621622","0.9621621621621622","0.9621621621621622","0.9899999999999997","0.9899999999999997","0.9899999999999997"
"745","0.9648648648648646","0.9648648648648646","0.9648648648648646","1","1","1"
"747","0.9656756756756756","0.9656756756756756","0.9656756756756756","1","1","1"
"749","0.9667567567567567","0.9667567567567567","0.9667567567567567","0.9899999999999997","0.9899999999999997","0.9899999999999997"
"751","0.9640540540540541","0.9640540540540541","0.9640540540540541","0.9899999999999997","0.9899999999999997","0.9899999999999997"
"753","0.967027027027027","0.967027027027027","0.967027027027027","1","1","1"
"755","0.9654054054054054","0.9654054054054054","0.9654054054054054","1","1","1"
"757","0.9651351351351352","0.9651351351351352","0.9651351351351352","1","1","1"
"759","0.967027027027027","0.967027027027027","0.967027027027027","1","1","1"
"761","0.9670270270270269","0.9670270270270269","0.9670270270270269","1","1","1"
"763","0.9670270270270269","0.9670270270270269","0.9670270270270269","1","1","1"
"765","0.9675675675675675","0.9675675675675675","0.9675675675675675","1","1","1"
"767","0.9667567567567567","0.9667567567567567","0.9667567567567567","1","1","1"
"769","0.969459459459459","0.969459459459459","0.969459459459459","1","1","1"
"771","0.9697297297297296","0.9697297297297296","0.9697297297297296","1","1","1"
"773","0.969189189189189","0.969189189189189","0.969189189189189","1","1","1"
"775","0.9699999999999999","0.9699999999999999","0.9699999999999999","1","1","1"
"777","0.9705405405405403","0.9705405405405403","0.9705405405405403","1","1","1"
"779","0.9713513513513509","0.9713513513513509","0.9713513513513509","1","1","1"
"781","0.9708108108108104","0.9708108108108104","0.9708108108108104","1","1","1"
"783","0.9697297297297294","0.9697297297297294","0.9697297297297294","1","1","1"
"785","0.9705405405405404","0.9705405405405404","0.9705405405405404","1","1","1"
"787","0.9708108108108107","0.9708108108108107","0.9708108108108107","1","1","1"
"789","0.971081081081081","0.971081081081081","0.971081081081081","0.9899999999999997","0.9899999999999997","0.9899999999999997"
"791","0.9727027027027024","0.9727027027027024","0.9727027027027024","0.9899999999999997","0.9899999999999997","0.9899999999999997"
"793","0.9718918918918917","0.9718918918918917","0.9718918918918917","0.9899999999999997","0.9899999999999997","0.9899999999999997"
"795","0.9708108108108107","0.9708108108108107","0.9708108108108107","0.9899999999999997","0.9899999999999997","0.9899999999999997"
"797","0.9716216216216215","0.9716216216216215","0.9716216216216215","1","1","1"
"799","0.9716216216216214","0.9716216216216214","0.9716216216216214","1","1","1"
"801","0.9727027027027028","0.9727027027027028","0.9727027027027028","1","1","1"
"803","0.9743243243243238","0.9743243243243238","0.9743243243243238","1","1","1"
"805","0.9737837837837836","0.9737837837837836","0.9737837837837836","1","1","1"
"807","0.9745945945945944","0.9745945945945944","0.9745945945945944","1","1","1"
"809","0.9729729729729726","0.9729729729729726","0.9729729729729726","1","1","1"
"811","0.9724324324324324","0.9724324324324324","0.9724324324324324","1","1","1"
"813","0.9727027027027025","0.9727027027027025","0.9727027027027025","1","1","1"
"815","0.9729729729729728","0.9729729729729728","0.9729729729729728","1","1","1"
"817","0.9737837837837834","0.9737837837837834","0.9737837837837834","1","1","1"
"819","0.9754054054054051","0.9754054054054051","0.9754054054054051","1","1","1"
"821","0.9759459459459457","0.9759459459459457","0.9759459459459457","1","1","1"
"823","0.9756756756756755","0.9756756756756755","0.9756756756756755","1","1","1"
"825","0.9748648648648645","0.9748648648648645","0.9748648648648645","1","1","1"
"827","0.9748648648648645","0.9748648648648645","0.9748648648648645","1","1","1"
"829","0.9748648648648647","0.9748648648648647","0.9748648648648647","1","1","1"
"831","0.9735135135135132","0.9735135135135132","0.9735135135135132","1","1","1"
"833","0.9735135135135135","0.9735135135135135","0.9735135135135135","1","1","1"
"835","0.975135135135135","0.975135135135135","0.975135135135135","1","1","1"
"837","0.9764864864864862","0.9764864864864862","0.9764864864864862","1","1","1"
"839","0.9748648648648647","0.9748648648648647","0.9748648648648647","1","1","1"
"841","0.9778378378378376","0.9778378378378376","0.9778378378378376","1","1","1"
"843","0.977027027027027","0.977027027027027","0.977027027027027","1","1","1"
"845","0.9783783783783783","0.9783783783783783","0.9783783783783783","1","1","1"
"847","0.9772972972972972","0.9772972972972972","0.9772972972972972","1","1","1"
"849","0.9770270270270268","0.9770270270270268","0.9770270270270268","1","1","1"
"851","0.9764864864864864","0.9764864864864864","0.9764864864864864","1","1","1"
"853","0.9770270270270268","0.9770270270270268","0.9770270270270268","1","1","1"
"855","0.9770270270270266","0.9770270270270266","0.9770270270270266","1","1","1"
"857","0.9770270270270266","0.9770270270270266","0.9770270270270266","1","1","1"
"859","0.9767567567567568","0.9767567567567568","0.9767567567567568","1","1","1"
"861","0.9781081081081079","0.9781081081081079","0.9781081081081079","1","1","1"
"863","0.9786486486486483","0.9786486486486483","0.9786486486486483","1","1","1"
"865","0.9775675675675675","0.9775675675675675","0.9775675675675675","1","1","1"
"867","0.9770270270270268","0.9770270270270268","0.9770270270270268","1","1","1"
"869","0.9791891891891893","0.9791891891891893","0.9791891891891893","1","1","1"
"871","0.9797297297297295","0.9797297297297295","0.9797297297297295","1","1","1"
"873","0.978108108108108","0.978108108108108","0.978108108108108","1","1","1"
"875","0.9797297297297297","0.9797297297297297","0.9797297297297297","1","1","1"
"877","0.98","0.98","0.98","1","1","1"
"879","0.978108108108108","0.978108108108108","0.978108108108108","1","1","1"
"881","0.9781081081081079","0.9781081081081079","0.9781081081081079","1","1","1"
"883","0.9794594594594596","0.9794594594594596","0.9794594594594596","1","1","1"
"885","0.9778378378378374","0.9778378378378374","0.9778378378378374","1","1","1"
"887","0.9808108108108108","0.9808108108108108","0.9808108108108108","1","1","1"
"889","0.9816216216216215","0.9816216216216215","0.9816216216216215","1","1","1"
"891","0.9816216216216213","0.9816216216216213","0.9816216216216213","1","1","1"
"893","0.9810810810810814","0.9810810810810814","0.9810810810810814","1","1","1"
"895","0.9805405405405402","0.9805405405405402","0.9805405405405402","1","1","1"
"897","0.9816216216216216","0.9816216216216216","0.9816216216216216","1","1","1"
"899","0.9797297297297295","0.9797297297297295","0.9797297297297295","1","1","1"
"901","0.9816216216216213","0.9816216216216213","0.9816216216216213","1","1","1"
"903","0.981351351351351","0.981351351351351","0.981351351351351","1","1","1"
"905","0.9802702702702698","0.9802702702702698","0.9802702702702698","1","1","1"
"907","0.9805405405405402","0.9805405405405402","0.9805405405405402","1","1","1"
"909","0.9810810810810812","0.9810810810810812","0.9810810810810812","1","1","1"
"911","0.9810810810810806","0.9810810810810806","0.9810810810810806","1","1","1"
"913","0.981081081081081","0.981081081081081","0.981081081081081","1","1","1"
"915","0.983243243243243","0.983243243243243","0.983243243243243","1","1","1"
"917","0.9821621621621619","0.9821621621621619","0.9821621621621619","1","1","1"
"919","0.982162162162162","0.982162162162162","0.982162162162162","1","1","1"
"921","0.9829729729729729","0.9829729729729729","0.9829729729729729","1","1","1"
"923","0.9829729729729727","0.9829729729729727","0.9829729729729727","1","1","1"
"925","0.9837837837837834","0.9837837837837834","0.9837837837837834","1","1","1"
"927","0.9827027027027025","0.9827027027027025","0.9827027027027025","1","1","1"
"929","0.9827027027027025","0.9827027027027025","0.9827027027027025","1","1","1"
"931","0.9829729729729727","0.9829729729729727","0.9829729729729727","1","1","1"
"933","0.9829729729729729","0.9829729729729729","0.9829729729729729","1","1","1"
"935","0.9827027027027025","0.9827027027027025","0.9827027027027025","1","1","1"
"937","0.984324324324324","0.984324324324324","0.984324324324324","1","1","1"
"939","0.9824324324324323","0.9824324324324323","0.9824324324324323","1","1","1"
"941","0.9835135135135129","0.9835135135135129","0.9835135135135129","1","1","1"
"943","0.9845945945945944","0.9845945945945944","0.9845945945945944","1","1","1"
"945","0.9835135135135137","0.9835135135135137","0.9835135135135137","1","1","1"
"947","0.9837837837837834","0.9837837837837834","0.9837837837837834","1","1","1"
"949","0.9829729729729727","0.9829729729729727","0.9829729729729727","1","1","1"
"951","0.9835135135135133","0.9835135135135133","0.9835135135135133","1","1","1"
"953","0.9859459459459459","0.9859459459459459","0.9859459459459459","1","1","1"
"955","0.9837837837837837","0.9837837837837837","0.9837837837837837","1","1","1"
"957","0.9851351351351346","0.9851351351351346","0.9851351351351346","1","1","1"
"959","0.9845945945945944","0.9845945945945944","0.9845945945945944","1","1","1"
"961","0.9845945945945942","0.9845945945945942","0.9845945945945942","1","1","1"
"963","0.9843243243243242","0.9843243243243242","0.9843243243243242","1","1","1"
"965","0.9843243243243238","0.9843243243243238","0.9843243243243238","1","1","1"
"967","0.984054054054054","0.984054054054054","0.984054054054054","1","1","1"
"969","0.9867567567567566","0.9867567567567566","0.9867567567567566","1","1","1"
"971","0.9837837837837837","0.9837837837837837","0.9837837837837837","1","1","1"
"973","0.9848648648648648","0.9848648648648648","0.9848648648648648","1","1","1"
"975","0.9845945945945942","0.9845945945945942","0.9845945945945942","1","1","1"
"977","0.984054054054054","0.984054054054054","0.984054054054054","1","1","1"
"979","0.9859459459459459","0.9859459459459459","0.9859459459459459","1","1","1"
"981","0.986216216216216","0.986216216216216","0.986216216216216","1","1","1"
"983","0.9870270270270265","0.9870270270270265","0.9870270270270265","1","1","1"
"985","0.985405405405405","0.985405405405405","0.985405405405405","1","1","1"
"987","0.9870270270270267","0.9870270270270267","0.9870270270270267","1","1","1"
"989","0.9870270270270269","0.9870270270270269","0.9870270270270269","1","1","1"
"991","0.9859459459459456","0.9859459459459456","0.9859459459459456","1","1","1"
"993","0.9856756756756753","0.9856756756756753","0.9856756756756753","1","1","1"
"995","0.9872972972972971","0.9872972972972971","0.9872972972972971","1","1","1"
"997","0.9859459459459459","0.9859459459459459","0.9859459459459459","1","1","1"
"999","0.9875675675675674","0.9875675675675674","0.9875675675675674","1","1","1"
"1001","0.9870270270270267","0.9870270270270267","0.9870270270270267","1","1","1"
"1003","0.9859459459459456","0.9859459459459456","0.9859459459459456","1","1","1"
"1005","0.9854054054054054","0.9854054054054054","0.9854054054054054","1","1","1"
"1007","0.9881081081081076","0.9881081081081076","0.9881081081081076","1","1","1"
"1009","0.9875675675675676","0.9875675675675676","0.9875675675675676","1","1","1"
"1011","0.9886486486486482","0.9886486486486482","0.9886486486486482","1","1","1"
"1013","0.9875675675675671","0.9875675675675671","0.9875675675675671","1","1","1"
"1015","0.9862162162162162","0.9862162162162162","0.9862162162162162","1","1","1"
"1017","0.9872972972972971","0.9872972972972971","0.9872972972972971","1","1","1"
"1019","0.9875675675675669","0.9875675675675669","0.9875675675675669","1","1","1"
"1021","0.9875675675675671","0.9875675675675671","0.9875675675675671","1","1","1"
"1023","0.9870270270270267","0.9870270270270267","0.9870270270270267","1","1","1"
"1025","0.9867567567567563","0.9867567567567563","0.9867567567567563","1","1","1"
"1027","0.9870270270270267","0.9870270270270267","0.9870270270270267","1","1","1"
"1029","0.9875675675675674","0.9875675675675674","0.9875675675675674","1","1","1"
"1031","0.988378378378378","0.988378378378378","0.988378378378378","1","1","1"
"1033","0.9891891891891889","0.9891891891891889","0.9891891891891889","1","1","1"
"1035","0.988108108108108","0.988108108108108","0.988108108108108","1","1","1"
"1037","0.9864864864864865","0.9864864864864865","0.9864864864864865","1","1","1"
"1039","0.9886486486486484","0.9886486486486484","0.9886486486486484","1","1","1"
"1041","0.9875675675675671","0.9875675675675671","0.9875675675675671","1","1","1"
"1043","0.9875675675675671","0.9875675675675671","0.9875675675675671","1","1","1"
"1045","0.988378378378378","0.988378378378378","0.988378378378378","1","1","1"
"1047","0.9870270270270267","0.9870270270270267","0.9870270270270267","1","1","1"
"1049","0.9881081081081076","0.9881081081081076","0.9881081081081076","1","1","1"
"1051","0.988108108108108","0.988108108108108","0.988108108108108","1","1","1"
"1053","0.9897297297297295","0.9897297297297295","0.9897297297297295","1","1","1"
"1055","0.987297297297297","0.987297297297297","0.987297297297297","1","1","1"
"1057","0.9875675675675674","0.9875675675675674","0.9875675675675674","1","1","1"
"1059","0.9889189189189185","0.9889189189189185","0.9889189189189185","1","1","1"
"1061","0.9886486486486482","0.9886486486486482","0.9886486486486482","1","1","1"
"1063","0.9883783783783778","0.9883783783783778","0.9883783783783778","1","1","1"
"1065","0.9875675675675671","0.9875675675675671","0.9875675675675671","1","1","1"
"1067","0.9883783783783778","0.9883783783783778","0.9883783783783778","1","1","1"
"1069","0.9886486486486484","0.9886486486486484","0.9886486486486484","1","1","1"
"1071","0.9878378378378374","0.9878378378378374","0.9878378378378374","1","1","1"
"1073","0.9889189189189186","0.9889189189189186","0.9889189189189186","1","1","1"
"1075","0.9897297297297295","0.9897297297297295","0.9897297297297295","1","1","1"
"1077","0.9881081081081076","0.9881081081081076","0.9881081081081076","1","1","1"
"1079","0.9899999999999999","0.9899999999999999","0.9899999999999999","1","1","1"
"1081","0.9897297297297295","0.9897297297297295","0.9897297297297295","1","1","1"
"1083","0.989459459459459","0.989459459459459","0.989459459459459","1","1","1"
"1085","0.9908108108108106","0.9908108108108106","0.9908108108108106","1","1","1"
"1087","0.9897297297297293","0.9897297297297293","0.9897297297297293","1","1","1"
"1089","0.9883783783783782","0.9883783783783782","0.9883783783783782","1","1","1"
"1091","0.9891891891891889","0.9891891891891889","0.9891891891891889","1","1","1"
"1093","0.9897297297297295","0.9897297297297295","0.9897297297297295","1","1","1"
"1095","0.9897297297297295","0.9897297297297295","0.9897297297297295","1","1","1"
"1097","0.9891891891891889","0.9891891891891889","0.9891891891891889","1","1","1"
"1099","0.9891891891891889","0.9891891891891889","0.9891891891891889","1","1","1"
"1101","0.9889189189189185","0.9889189189189185","0.9889189189189185","1","1","1"
"1103","0.9889189189189186","0.9889189189189186","0.9889189189189186","1","1","1"
"1105","0.9897297297297293","0.9897297297297293","0.9897297297297293","1","1","1"
"1107","0.9881081081081076","0.9881081081081076","0.9881081081081076","1","1","1"
"1109","0.9894594594594589","0.9894594594594589","0.9894594594594589","1","1","1"
"1111","0.9889189189189186","0.9889189189189186","0.9889189189189186","1","1","1"
"1113","0.9891891891891886","0.9891891891891886","0.9891891891891886","1","1","1"
"1115","0.9902702702702699","0.9902702702702699","0.9902702702702699","1","1","1"
"1117","0.989459459459459","0.989459459459459","0.989459459459459","1","1","1"
"1119","0.9899999999999995","0.9899999999999995","0.9899999999999995","1","1","1"
"1121","0.9889189189189185","0.9889189189189185","0.9889189189189185","1","1","1"
"1123","0.9894594594594589","0.9894594594594589","0.9894594594594589","1","1","1"
"1125","0.9897297297297293","0.9897297297297293","0.9897297297297293","1","1","1"
"1127","0.9889189189189183","0.9889189189189183","0.9889189189189183","1","1","1"
"1129","0.9891891891891889","0.9891891891891889","0.9891891891891889","1","1","1"
"1131","0.989459459459459","0.989459459459459","0.989459459459459","1","1","1"
"1133","0.989459459459459","0.989459459459459","0.989459459459459","1","1","1"
"1135","0.989459459459459","0.989459459459459","0.989459459459459","1","1","1"
"1137","0.9897297297297295","0.9897297297297295","0.9897297297297295","1","1","1"
"1139","0.9899999999999997","0.9899999999999997","0.9899999999999997","1","1","1"
"1141","0.9894594594594589","0.9894594594594589","0.9894594594594589","1","1","1"
"1143","0.9899999999999997","0.9899999999999997","0.9899999999999997","1","1","1"
"1145","0.9899999999999997","0.9899999999999997","0.9899999999999997","1","1","1"
"1147","0.989459459459459","0.989459459459459","0.989459459459459","1","1","1"
"1149","0.9891891891891889","0.9891891891891889","0.9891891891891889","1","1","1"
"1151","0.9891891891891889","0.9891891891891889","0.9891891891891889","1","1","1"
"1153","0.989459459459459","0.989459459459459","0.989459459459459","1","1","1"
"1155","0.9899999999999997","0.9899999999999997","0.9899999999999997","1","1","1"
"1157","0.9902702702702699","0.9902702702702699","0.9902702702702699","1","1","1"
"1159","0.9889189189189186","0.9889189189189186","0.9889189189189186","1","1","1"
"1161","0.9894594594594592","0.9894594594594592","0.9894594594594592","1","1","1"
"1163","0.9891891891891889","0.9891891891891889","0.9891891891891889","1","1","1"
"1165","0.9902702702702699","0.9902702702702699","0.9902702702702699","1","1","1"
"1167","0.9902702702702699","0.9902702702702699","0.9902702702702699","1","1","1"
"1169","0.9902702702702699","0.9902702702702699","0.9902702702702699","1","1","1"
"1171","0.9897297297297295","0.9897297297297295","0.9897297297297295","1","1","1"
"1173","0.9905405405405401","0.9905405405405401","0.9905405405405401","1","1","1"
"1175","0.9897297297297295","0.9897297297297295","0.9897297297297295","1","1","1"
"1177","0.9905405405405403","0.9905405405405403","0.9905405405405403","1","1","1"
"1179","0.9899999999999997","0.9899999999999997","0.9899999999999997","1","1","1"
"1181","0.9905405405405401","0.9905405405405401","0.9905405405405401","1","1","1"
"1183","0.9902702702702699","0.9902702702702699","0.9902702702702699","1","1","1"
"1185","0.9894594594594589","0.9894594594594589","0.9894594594594589","1","1","1"
"1187","0.9897297297297295","0.9897297297297295","0.9897297297297295","1","1","1"
"1189","0.9897297297297295","0.9897297297297295","0.9897297297297295","1","1","1"
"1191","0.9905405405405403","0.9905405405405403","0.9905405405405403","1","1","1"
"1193","0.9905405405405401","0.9905405405405401","0.9905405405405401","1","1","1"
"1195","0.9899999999999997","0.9899999999999997","0.9899999999999997","1","1","1"
"1197","0.9899999999999997","0.9899999999999997","0.9899999999999997","1","1","1"
"1199","0.9902702702702701","0.9902702702702701","0.9902702702702701","1","1","1"
"1201","0.9905405405405401","0.9905405405405401","0.9905405405405401","1","1","1"
"1203","0.9908108108108103","0.9908108108108103","0.9908108108108103","1","1","1"
"1205","0.9908108108108106","0.9908108108108106","0.9908108108108106","1","1","1"
"1207","0.9899999999999997","0.9899999999999997","0.9899999999999997","1","1","1"
"1209","0.9897297297297293","0.9897297297297293","0.9897297297297293","1","1","1"
"1211","0.9905405405405401","0.9905405405405401","0.9905405405405401","1","1","1"
"1213","0.9908108108108106","0.9908108108108106","0.9908108108108106","1","1","1"
"1215","0.9902702702702699","0.9902702702702699","0.9902702702702699","1","1","1"
"1217","0.9905405405405401","0.9905405405405401","0.9905405405405401","1","1","1"
"1219","0.9902702702702699","0.9902702702702699","0.9902702702702699","1","1","1"
"1221","0.9899999999999997","0.9899999999999997","0.9899999999999997","1","1","1"
"1223","0.9897297297297295","0.9897297297297295","0.9897297297297295","1","1","1"
"1225","0.9910810810810807","0.9910810810810807","0.9910810810810807","1","1","1"
"1227","0.9908108108108106","0.9908108108108106","0.9908108108108106","1","1","1"
"1229","0.9908108108108106","0.9908108108108106","0.9908108108108106","1","1","1"
"1231","0.9916216216216214","0.9916216216216214","0.9916216216216214","1","1","1"
"1233","0.9905405405405401","0.9905405405405401","0.9905405405405401","1","1","1"
"1235","0.9905405405405401","0.9905405405405401","0.9905405405405401","1","1","1"
"1237","0.9908108108108103","0.9908108108108103","0.9908108108108103","1","1","1"
"1239","0.9902702702702699","0.9902702702702699","0.9902702702702699","1","1","1"
"1241","0.9908108108108106","0.9908108108108106","0.9908108108108106","1","1","1"
"1243","0.991351351351351","0.991351351351351","0.991351351351351","1","1","1"
"1245","0.9908108108108106","0.9908108108108106","0.9908108108108106","1","1","1"
"1247","0.9908108108108106","0.9908108108108106","0.9908108108108106","1","1","1"
"1249","0.9902702702702699","0.9902702702702699","0.9902702702702699","1","1","1"
"1251","0.9902702702702699","0.9902702702702699","0.9902702702702699","1","1","1"
"1253","0.9902702702702699","0.9902702702702699","0.9902702702702699","1","1","1"
"1255","0.9902702702702699","0.9902702702702699","0.9902702702702699","1","1","1"
"1257","0.9905405405405403","0.9905405405405403","0.9905405405405403","1","1","1"
"1259","0.9916216216216212","0.9916216216216212","0.9916216216216212","1","1","1"
"1261","0.9905405405405401","0.9905405405405401","0.9905405405405401","1","1","1"
"1263","0.9899999999999997","0.9899999999999997","0.9899999999999997","1","1","1"
"1265","0.9913513513513511","0.9913513513513511","0.9913513513513511","1","1","1"
"1267","0.9910810810810807","0.9910810810810807","0.9910810810810807","1","1","1"
"1269","0.9902702702702699","0.9902702702702699","0.9902702702702699","1","1","1"
"1271","0.9908108108108106","0.9908108108108106","0.9908108108108106","1","1","1"
"1273","0.9902702702702699","0.9902702702702699","0.9902702702702699","1","1","1"
"1275","0.9902702702702699","0.9902702702702699","0.9902702702702699","1","1","1"
"1277","0.991351351351351","0.991351351351351","0.991351351351351","1","1","1"
"1279","0.9908108108108103","0.9908108108108103","0.9908108108108103","1","1","1"
"1281","0.9902702702702699","0.9902702702702699","0.9902702702702699","1","1","1"
"1283","0.9908108108108106","0.9908108108108106","0.9908108108108106","1","1","1"
"1285","0.991351351351351","0.991351351351351","0.991351351351351","1","1","1"
"1287","0.9910810810810807","0.9910810810810807","0.9910810810810807","1","1","1"
"1289","0.9910810810810807","0.9910810810810807","0.9910810810810807","1","1","1"
"1291","0.9905405405405401","0.9905405405405401","0.9905405405405401","1","1","1"
"1293","0.9905405405405401","0.9905405405405401","0.9905405405405401","1","1","1"
"1295","0.9902702702702699","0.9902702702702699","0.9902702702702699","1","1","1"
"1297","0.9902702702702699","0.9902702702702699","0.9902702702702699","1","1","1"
"1299","0.9908108108108103","0.9908108108108103","0.9908108108108103","1","1","1"
"1301","0.9905405405405401","0.9905405405405401","0.9905405405405401","1","1","1"
"1303","0.9905405405405401","0.9905405405405401","0.9905405405405401","1","1","1"
"1305","0.9905405405405401","0.9905405405405401","0.9905405405405401","1","1","1"
"1307","0.9910810810810807","0.9910810810810807","0.9910810810810807","1","1","1"
"1309","0.9902702702702699","0.9902702702702699","0.9902702702702699","1","1","1"
"1311","0.991351351351351","0.991351351351351","0.991351351351351","1","1","1"
"1313","0.9908108108108106","0.9908108108108106","0.9908108108108106","1","1","1"
"1315","0.9913513513513511","0.9913513513513511","0.9913513513513511","1","1","1"
"1317","0.9908108108108103","0.9908108108108103","0.9908108108108103","1","1","1"
"1319","0.9908108108108103","0.9908108108108103","0.9908108108108103","1","1","1"
"1321","0.9908108108108106","0.9908108108108106","0.9908108108108106","1","1","1"
"1323","0.9908108108108106","0.9908108108108106","0.9908108108108106","1","1","1"
"1325","0.9902702702702699","0.9902702702702699","0.9902702702702699","1","1","1"
"1327","0.9908108108108106","0.9908108108108106","0.9908108108108106","1","1","1"
"1329","0.9916216216216214","0.9916216216216214","0.9916216216216214","1","1","1"
"1331","0.9916216216216212","0.9916216216216212","0.9916216216216212","1","1","1"
"1333","0.9908108108108103","0.9908108108108103","0.9908108108108103","1","1","1"
"1335","0.9916216216216214","0.9916216216216214","0.9916216216216214","1","1","1"
"1337","0.991351351351351","0.991351351351351","0.991351351351351","1","1","1"
"1339","0.9916216216216212","0.9916216216216212","0.9916216216216212","1","1","1"
"1341","0.991351351351351","0.991351351351351","0.991351351351351","1","1","1"
"1343","0.9916216216216212","0.9916216216216212","0.9916216216216212","1","1","1"
"1345","0.9916216216216214","0.9916216216216214","0.9916216216216214","1","1","1"
"1347","0.9918918918918915","0.9918918918918915","0.9918918918918915","1","1","1"
"1349","0.9910810810810807","0.9910810810810807","0.9910810810810807","1","1","1"
"1351","0.991351351351351","0.991351351351351","0.991351351351351","1","1","1"
"1353","0.9910810810810807","0.9910810810810807","0.9910810810810807","1","1","1"
"1355","0.9916216216216214","0.9916216216216214","0.9916216216216214","1","1","1"
"1357","0.9921621621621618","0.9921621621621618","0.9921621621621618","1","1","1"
"1359","0.9918918918918915","0.9918918918918915","0.9918918918918915","1","1","1"
"1361","0.991351351351351","0.991351351351351","0.991351351351351","1","1","1"
"1363","0.9924324324324322","0.9924324324324322","0.9924324324324322","1","1","1"
"1365","0.9905405405405401","0.9905405405405401","0.9905405405405401","1","1","1"
"1367","0.9918918918918915","0.9918918918918915","0.9918918918918915","1","1","1"
"1369","0.9921621621621618","0.9921621621621618","0.9921621621621618","1","1","1"
"1371","0.9902702702702699","0.9902702702702699","0.9902702702702699","1","1","1"
"1373","0.9927027027027027","0.9927027027027027","0.9927027027027027","1","1","1"
"1375","0.992162162162162","0.992162162162162","0.992162162162162","1","1","1"
"1377","0.9908108108108106","0.9908108108108106","0.9908108108108106","1","1","1"
"1379","0.9918918918918915","0.9918918918918915","0.9918918918918915","1","1","1"
"1381","0.9908108108108106","0.9908108108108106","0.9908108108108106","1","1","1"
"1383","0.9921621621621618","0.9921621621621618","0.9921621621621618","1","1","1"
"1385","0.9908108108108103","0.9908108108108103","0.9908108108108103","1","1","1"
"1387","0.9921621621621618","0.9921621621621618","0.9921621621621618","1","1","1"
"1389","0.9940540540540539","0.9940540540540539","0.9940540540540539","1","1","1"
"1391","0.9908108108108106","0.9908108108108106","0.9908108108108106","1","1","1"
"1393","0.9929729729729726","0.9929729729729726","0.9929729729729726","1","1","1"
"1395","0.9918918918918915","0.9918918918918915","0.9918918918918915","1","1","1"
"1397","0.9910810810810807","0.9910810810810807","0.9910810810810807","1","1","1"
"1399","0.9910810810810807","0.9910810810810807","0.9910810810810807","1","1","1"
"1401","0.9924324324324322","0.9924324324324322","0.9924324324324322","1","1","1"
"1403","0.9924324324324322","0.9924324324324322","0.9924324324324322","1","1","1"
"1405","0.9913513513513511","0.9913513513513511","0.9913513513513511","1","1","1"
"1407","0.9908108108108106","0.9908108108108106","0.9908108108108106","1","1","1"
"1409","0.9924324324324321","0.9924324324324321","0.9924324324324321","1","1","1"
"1411","0.9916216216216212","0.9916216216216212","0.9916216216216212","1","1","1"
"1413","0.9918918918918915","0.9918918918918915","0.9918918918918915","1","1","1"
"1415","0.993513513513513","0.993513513513513","0.993513513513513","1","1","1"
"1417","0.9918918918918915","0.9918918918918915","0.9918918918918915","1","1","1"
"1419","0.992162162162162","0.992162162162162","0.992162162162162","1","1","1"
"1421","0.9927027027027024","0.9927027027027024","0.9927027027027024","1","1","1"
"1423","0.9929729729729726","0.9929729729729726","0.9929729729729726","1","1","1"
"1425","0.9921621621621618","0.9921621621621618","0.9921621621621618","1","1","1"
"1427","0.991351351351351","0.991351351351351","0.991351351351351","1","1","1"
"1429","0.9916216216216214","0.9916216216216214","0.9916216216216214","1","1","1"
"1431","0.9921621621621618","0.9921621621621618","0.9921621621621618","1","1","1"
"1433","0.9927027027027024","0.9927027027027024","0.9927027027027024","1","1","1"
"1435","0.9929729729729726","0.9929729729729726","0.9929729729729726","1","1","1"
"1437","0.9924324324324322","0.9924324324324322","0.9924324324324322","1","1","1"
"1439","0.9929729729729726","0.9929729729729726","0.9929729729729726","1","1","1"
"1441","0.9927027027027024","0.9927027027027024","0.9927027027027024","1","1","1"
"1443","0.9927027027027022","0.9927027027027022","0.9927027027027022","1","1","1"
"1445","0.9924324324324321","0.9924324324324321","0.9924324324324321","1","1","1"
"1447","0.9921621621621618","0.9921621621621618","0.9921621621621618","1","1","1"
"1449","0.9918918918918915","0.9918918918918915","0.9918918918918915","1","1","1"
"1451","0.9927027027027024","0.9927027027027024","0.9927027027027024","1","1","1"
"1453","0.9916216216216214","0.9916216216216214","0.9916216216216214","1","1","1"
"1455","0.9921621621621618","0.9921621621621618","0.9921621621621618","1","1","1"
"1457","0.9918918918918915","0.9918918918918915","0.9918918918918915","1","1","1"
"1459","0.9916216216216214","0.9916216216216214","0.9916216216216214","1","1","1"
"1461","0.9921621621621618","0.9921621621621618","0.9921621621621618","1","1","1"
"1463","0.9921621621621618","0.9921621621621618","0.9921621621621618","1","1","1"
"1465","0.9918918918918915","0.9918918918918915","0.9918918918918915","1","1","1"
"1467","0.991351351351351","0.991351351351351","0.991351351351351","1","1","1"
"1469","0.9937837837837835","0.9937837837837835","0.9937837837837835","1","1","1"
"1471","0.9935135135135132","0.9935135135135132","0.9935135135135132","1","1","1"
"1473","0.9929729729729728","0.9929729729729728","0.9929729729729728","1","1","1"
"1475","0.9927027027027024","0.9927027027027024","0.9927027027027024","1","1","1"
"1477","0.9921621621621618","0.9921621621621618","0.9921621621621618","1","1","1"
"1479","0.9932432432432431","0.9932432432432431","0.9932432432432431","1","1","1"
"1481","0.9932432432432429","0.9932432432432429","0.9932432432432429","1","1","1"
"1483","0.9921621621621618","0.9921621621621618","0.9921621621621618","1","1","1"
"1485","0.9927027027027027","0.9927027027027027","0.9927027027027027","1","1","1"
"1487","0.9924324324324322","0.9924324324324322","0.9924324324324322","1","1","1"
"1489","0.9927027027027024","0.9927027027027024","0.9927027027027024","1","1","1"
"1491","0.9924324324324322","0.9924324324324322","0.9924324324324322","1","1","1"
"1493","0.9927027027027024","0.9927027027027024","0.9927027027027024","1","1","1"
"1495","0.9929729729729728","0.9929729729729728","0.9929729729729728","1","1","1"
"1497","0.9916216216216214","0.9916216216216214","0.9916216216216214","1","1","1"
"1499","0.9927027027027024","0.9927027027027024","0.9927027027027024","1","1","1"
"1501","0.9918918918918915","0.9918918918918915","0.9918918918918915","1","1","1"
"1503","0.992162162162162","0.992162162162162","0.992162162162162","1","1","1"
"1505","0.9918918918918915","0.9918918918918915","0.9918918918918915","1","1","1"
"1507","0.9937837837837836","0.9937837837837836","0.9937837837837836","1","1","1"
"1509","0.9935135135135135","0.9935135135135135","0.9935135135135135","1","1","1"
"1511","0.9927027027027024","0.9927027027027024","0.9927027027027024","1","1","1"
"1513","0.9937837837837836","0.9937837837837836","0.9937837837837836","1","1","1"
"1515","0.9929729729729725","0.9929729729729725","0.9929729729729725","1","1","1"
"1517","0.9937837837837835","0.9937837837837835","0.9937837837837835","1","1","1"
"1519","0.9945945945945945","0.9945945945945945","0.9945945945945945","1","1","1"
"1521","0.9932432432432431","0.9932432432432431","0.9932432432432431","1","1","1"
"1523","0.9927027027027024","0.9927027027027024","0.9927027027027024","1","1","1"
"1525","0.9924324324324322","0.9924324324324322","0.9924324324324322","1","1","1"
"1527","0.9927027027027024","0.9927027027027024","0.9927027027027024","1","1","1"
"1529","0.9918918918918915","0.9918918918918915","0.9918918918918915","1","1","1"
"1531","0.9929729729729728","0.9929729729729728","0.9929729729729728","1","1","1"
"1533","0.9929729729729725","0.9929729729729725","0.9929729729729725","1","1","1"
"1535","0.9927027027027024","0.9927027027027024","0.9927027027027024","1","1","1"
"1537","0.9932432432432429","0.9932432432432429","0.9932432432432429","1","1","1"
"1539","0.9927027027027027","0.9927027027027027","0.9927027027027027","1","1","1"
"1541","0.9921621621621618","0.9921621621621618","0.9921621621621618","1","1","1"
"1543","0.991351351351351","0.991351351351351","0.991351351351351","1","1","1"
"1545","0.9929729729729726","0.9929729729729726","0.9929729729729726","1","1","1"
"1547","0.9937837837837833","0.9937837837837833","0.9937837837837833","1","1","1"
"1549","0.9927027027027027","0.9927027027027027","0.9927027027027027","1","1","1"
"1551","0.9918918918918915","0.9918918918918915","0.9918918918918915","1","1","1"
"1553","0.9916216216216214","0.9916216216216214","0.9916216216216214","1","1","1"
"1555","0.9937837837837835","0.9937837837837835","0.9937837837837835","1","1","1"
"1557","0.9929729729729726","0.9929729729729726","0.9929729729729726","1","1","1"
"1559","0.9935135135135132","0.9935135135135132","0.9935135135135132","1","1","1"
"1561","0.9932432432432429","0.9932432432432429","0.9932432432432429","1","1","1"
"1563","0.9937837837837835","0.9937837837837835","0.9937837837837835","1","1","1"
"1565","0.9927027027027024","0.9927027027027024","0.9927027027027024","1","1","1"
"1567","0.992162162162162","0.992162162162162","0.992162162162162","1","1","1"
"1569","0.9916216216216214","0.9916216216216214","0.9916216216216214","1","1","1"
"1571","0.9932432432432431","0.9932432432432431","0.9932432432432431","1","1","1"
"1573","0.9924324324324322","0.9924324324324322","0.9924324324324322","1","1","1"
"1575","0.9932432432432429","0.9932432432432429","0.9932432432432429","1","1","1"
"1577","0.9935135135135132","0.9935135135135132","0.9935135135135132","1","1","1"
"1579","0.9948648648648647","0.9948648648648647","0.9948648648648647","1","1","1"
"1581","0.9945945945945943","0.9945945945945943","0.9945945945945943","1","1","1"
"1583","0.9945945945945945","0.9945945945945945","0.9945945945945945","1","1","1"
"1585","0.9937837837837836","0.9937837837837836","0.9937837837837836","1","1","1"
"1587","0.9932432432432431","0.9932432432432431","0.9932432432432431","1","1","1"
"1589","0.9929729729729725","0.9929729729729725","0.9929729729729725","1","1","1"
"1591","0.9945945945945943","0.9945945945945943","0.9945945945945943","1","1","1"
"1593","0.9935135135135132","0.9935135135135132","0.9935135135135132","1","1","1"
"1595","0.9932432432432431","0.9932432432432431","0.9932432432432431","1","1","1"
"1597","0.9948648648648646","0.9948648648648646","0.9948648648648646","1","1","1"
"1599","0.9945945945945945","0.9945945945945945","0.9945945945945945","1","1","1"
"1601","0.9932432432432429","0.9932432432432429","0.9932432432432429","1","1","1"
"1603","0.9935135135135132","0.9935135135135132","0.9935135135135132","1","1","1"
"1605","0.9943243243243239","0.9943243243243239","0.9943243243243239","1","1","1"
"1607","0.9932432432432431","0.9932432432432431","0.9932432432432431","1","1","1"
"1609","0.9948648648648646","0.9948648648648646","0.9948648648648646","1","1","1"
"1611","0.9929729729729728","0.9929729729729728","0.9929729729729728","1","1","1"
"1613","0.9943243243243243","0.9943243243243243","0.9943243243243243","1","1","1"
"1615","0.9929729729729726","0.9929729729729726","0.9929729729729726","1","1","1"
"1617","0.9927027027027024","0.9927027027027024","0.9927027027027024","1","1","1"
"1619","0.9943243243243242","0.9943243243243242","0.9943243243243242","1","1","1"
"1621","0.9924324324324322","0.9924324324324322","0.9924324324324322","1","1","1"
"1623","0.9924324324324321","0.9924324324324321","0.9924324324324321","1","1","1"
"1625","0.9929729729729728","0.9929729729729728","0.9929729729729728","1","1","1"
"1627","0.9932432432432431","0.9932432432432431","0.9932432432432431","1","1","1"
"1629","0.9948648648648647","0.9948648648648647","0.9948648648648647","1","1","1"
"1631","0.9929729729729726","0.9929729729729726","0.9929729729729726","1","1","1"
"1633","0.9932432432432429","0.9932432432432429","0.9932432432432429","1","1","1"
"1635","0.9932432432432429","0.9932432432432429","0.9932432432432429","1","1","1"
"1637","0.9924324324324321","0.9924324324324321","0.9924324324324321","1","1","1"
"1639","0.9935135135135132","0.9935135135135132","0.9935135135135132","1","1","1"
"1641","0.9932432432432429","0.9932432432432429","0.9932432432432429","1","1","1"
"1643","0.9916216216216214","0.9916216216216214","0.9916216216216214","1","1","1"
"1645","0.9932432432432431","0.9932432432432431","0.9932432432432431","1","1","1"
"1647","0.9929729729729728","0.9929729729729728","0.9929729729729728","1","1","1"
"1649","0.9945945945945943","0.9945945945945943","0.9945945945945943","1","1","1"
"1651","0.9940540540540537","0.9940540540540537","0.9940540540540537","1","1","1"
"1653","0.9940540540540537","0.9940540540540537","0.9940540540540537","1","1","1"
"1655","0.9937837837837833","0.9937837837837833","0.9937837837837833","1","1","1"
"1657","0.9935135135135132","0.9935135135135132","0.9935135135135132","1","1","1"
"1659","0.993513513513513","0.993513513513513","0.993513513513513","1","1","1"
"1661","0.9929729729729728","0.9929729729729728","0.9929729729729728","1","1","1"
"1663","0.9937837837837835","0.9937837837837835","0.9937837837837835","1","1","1"
"1665","0.9948648648648644","0.9948648648648644","0.9948648648648644","1","1","1"
"1667","0.9927027027027022","0.9927027027027022","0.9927027027027022","1","1","1"
"1669","0.9945945945945941","0.9945945945945941","0.9945945945945941","1","1","1"
"1671","0.9940540540540539","0.9940540540540539","0.9940540540540539","1","1","1"
"1673","0.993513513513513","0.993513513513513","0.993513513513513","1","1","1"
"1675","0.9937837837837835","0.9937837837837835","0.9937837837837835","1","1","1"
"1677","0.9932432432432431","0.9932432432432431","0.9932432432432431","1","1","1"
"1679","0.9935135135135135","0.9935135135135135","0.9935135135135135","1","1","1"
"1681","0.9940540540540539","0.9940540540540539","0.9940540540540539","1","1","1"
"1683","0.9945945945945943","0.9945945945945943","0.9945945945945943","1","1","1"
"1685","0.9937837837837835","0.9937837837837835","0.9937837837837835","1","1","1"
"1687","0.9924324324324322","0.9924324324324322","0.9924324324324322","1","1","1"
"1689","0.9945945945945943","0.9945945945945943","0.9945945945945943","1","1","1"
"1691","0.9935135135135132","0.9935135135135132","0.9935135135135132","1","1","1"
"1693","0.9932432432432431","0.9932432432432431","0.9932432432432431","1","1","1"
"1695","0.9948648648648646","0.9948648648648646","0.9948648648648646","1","1","1"
"1697","0.9940540540540539","0.9940540540540539","0.9940540540540539","1","1","1"
"1699","0.9937837837837836","0.9937837837837836","0.9937837837837836","1","1","1"
"1701","0.9935135135135132","0.9935135135135132","0.9935135135135132","1","1","1"
"1703","0.9940540540540537","0.9940540540540537","0.9940540540540537","1","1","1"
"1705","0.995135135135135","0.995135135135135","0.995135135135135","1","1","1"
"1707","0.9932432432432431","0.9932432432432431","0.9932432432432431","1","1","1"
"1709","0.995135135135135","0.995135135135135","0.995135135135135","1","1","1"
"1711","0.9932432432432431","0.9932432432432431","0.9932432432432431","1","1","1"
"1713","0.9948648648648647","0.9948648648648647","0.9948648648648647","1","1","1"
"1715","0.9943243243243242","0.9943243243243242","0.9943243243243242","1","1","1"
"1717","0.9932432432432431","0.9932432432432431","0.9932432432432431","1","1","1"
"1719","0.9956756756756754","0.9956756756756754","0.9956756756756754","1","1","1"
"1721","0.9937837837837835","0.9937837837837835","0.9937837837837835","1","1","1"
"1723","0.9940540540540536","0.9940540540540536","0.9940540540540536","1","1","1"
"1725","0.9945945945945945","0.9945945945945945","0.9945945945945945","1","1","1"
"1727","0.9954054054054051","0.9954054054054051","0.9954054054054051","1","1","1"
"1729","0.9937837837837833","0.9937837837837833","0.9937837837837833","1","1","1"
"1731","0.9937837837837835","0.9937837837837835","0.9937837837837835","1","1","1"
"1733","0.9943243243243242","0.9943243243243242","0.9943243243243242","1","1","1"
"1735","0.9927027027027024","0.9927027027027024","0.9927027027027024","1","1","1"
"1737","0.9945945945945943","0.9945945945945943","0.9945945945945943","1","1","1"
"1739","0.9945945945945945","0.9945945945945945","0.9945945945945945","1","1","1"
"1741","0.9935135135135135","0.9935135135135135","0.9935135135135135","1","1","1"
"1743","0.9948648648648646","0.9948648648648646","0.9948648648648646","1","1","1"
"1745","0.9954054054054053","0.9954054054054053","0.9954054054054053","1","1","1"
"1747","0.9940540540540537","0.9940540540540537","0.9940540540540537","1","1","1"
"1749","0.9929729729729726","0.9929729729729726","0.9929729729729726","1","1","1"
"1751","0.9940540540540537","0.9940540540540537","0.9940540540540537","1","1","1"
"1753","0.9948648648648646","0.9948648648648646","0.9948648648648646","1","1","1"
"1755","0.9940540540540539","0.9940540540540539","0.9940540540540539","1","1","1"
"1757","0.9945945945945945","0.9945945945945945","0.9945945945945945","1","1","1"
"1759","0.9932432432432429","0.9932432432432429","0.9932432432432429","1","1","1"
"1761","0.995135135135135","0.995135135135135","0.995135135135135","1","1","1"
"1763","0.9948648648648647","0.9948648648648647","0.9948648648648647","1","1","1"
"1765","0.9937837837837835","0.9937837837837835","0.9937837837837835","1","1","1"
"1767","0.9929729729729725","0.9929729729729725","0.9929729729729725","1","1","1"
"1769","0.9948648648648646","0.9948648648648646","0.9948648648648646","1","1","1"
"1771","0.9924324324324322","0.9924324324324322","0.9924324324324322","1","1","1"
"1773","0.9951351351351347","0.9951351351351347","0.9951351351351347","1","1","1"
"1775","0.9951351351351352","0.9951351351351352","0.9951351351351352","1","1","1"
"1777","0.9935135135135132","0.9935135135135132","0.9935135135135132","1","1","1"
"1779","0.9956756756756754","0.9956756756756754","0.9956756756756754","1","1","1"
"1781","0.9945945945945945","0.9945945945945945","0.9945945945945945","1","1","1"
"1783","0.9945945945945943","0.9945945945945943","0.9945945945945943","1","1","1"
"1785","0.9932432432432431","0.9932432432432431","0.9932432432432431","1","1","1"
"1787","0.9962162162162163","0.9962162162162163","0.9962162162162163","1","1","1"
"1789","0.9945945945945943","0.9945945945945943","0.9945945945945943","1","1","1"
"1791","0.9943243243243242","0.9943243243243242","0.9943243243243242","1","1","1"
"1793","0.9937837837837835","0.9937837837837835","0.9937837837837835","1","1","1"
"1795","0.9954054054054051","0.9954054054054051","0.9954054054054051","1","1","1"
"1797","0.9943243243243243","0.9943243243243243","0.9943243243243243","1","1","1"
"1799","0.9940540540540539","0.9940540540540539","0.9940540540540539","1","1","1"
"1801","0.995945945945946","0.995945945945946","0.995945945945946","1","1","1"
"1803","0.9945945945945943","0.9945945945945943","0.9945945945945943","1","1","1"
"1805","0.9945945945945943","0.9945945945945943","0.9945945945945943","1","1","1"
"1807","0.9940540540540541","0.9940540540540541","0.9940540540540541","1","1","1"
"1809","0.995135135135135","0.995135135135135","0.995135135135135","1","1","1"
"1811","0.9948648648648649","0.9948648648648649","0.9948648648648649","1","1","1"
"1813","0.9956756756756754","0.9956756756756754","0.9956756756756754","1","1","1"
"1815","0.9945945945945943","0.9945945945945943","0.9945945945945943","1","1","1"
"1817","0.9954054054054051","0.9954054054054051","0.9954054054054051","1","1","1"
"1819","0.9959459459459458","0.9959459459459458","0.9959459459459458","1","1","1"
"1821","0.9943243243243242","0.9943243243243242","0.9943243243243242","1","1","1"
"1823","0.9959459459459458","0.9959459459459458","0.9959459459459458","1","1","1"
"1825","0.9956756756756756","0.9956756756756756","0.9956756756756756","1","1","1"
"1827","0.9935135135135132","0.9935135135135132","0.9935135135135132","1","1","1"
"1829","0.9954054054054053","0.9954054054054053","0.9954054054054053","1","1","1"
"1831","0.9937837837837835","0.9937837837837835","0.9937837837837835","1","1","1"
"1833","0.995135135135135","0.995135135135135","0.995135135135135","1","1","1"
"1835","0.9954054054054056","0.9954054054054056","0.9954054054054056","1","1","1"
"1837","0.9954054054054051","0.9954054054054051","0.9954054054054051","1","1","1"
"1839","0.9937837837837836","0.9937837837837836","0.9937837837837836","1","1","1"
"1841","0.9943243243243242","0.9943243243243242","0.9943243243243242","1","1","1"
"1843","0.9948648648648647","0.9948648648648647","0.9948648648648647","1","1","1"
"1845","0.9948648648648646","0.9948648648648646","0.9948648648648646","1","1","1"
"1847","0.9967567567567567","0.9967567567567567","0.9967567567567567","1","1","1"
"1849","0.995135135135135","0.995135135135135","0.995135135135135","1","1","1"
"1851","0.9943243243243242","0.9943243243243242","0.9943243243243242","1","1","1"
"1853","0.9956756756756756","0.9956756756756756","0.9956756756756756","1","1","1"
"1855","0.9959459459459458","0.9959459459459458","0.9959459459459458","1","1","1"
"1857","0.9954054054054051","0.9954054054054051","0.9954054054054051","1","1","1"
"1859","0.9937837837837836","0.9937837837837836","0.9937837837837836","1","1","1"
"1861","0.9951351351351352","0.9951351351351352","0.9951351351351352","1","1","1"
"1863","0.9945945945945945","0.9945945945945945","0.9945945945945945","1","1","1"
"1865","0.9943243243243243","0.9943243243243243","0.9943243243243243","1","1","1"
"1867","0.995945945945946","0.995945945945946","0.995945945945946","1","1","1"
"1869","0.9948648648648647","0.9948648648648647","0.9948648648648647","1","1","1"
"1871","0.9959459459459458","0.9959459459459458","0.9959459459459458","1","1","1"
"1873","0.9954054054054053","0.9954054054054053","0.9954054054054053","1","1","1"
"1875","0.9943243243243242","0.9943243243243242","0.9943243243243242","1","1","1"
"1877","0.9937837837837836","0.9937837837837836","0.9937837837837836","1","1","1"
"1879","0.995135135135135","0.995135135135135","0.995135135135135","1","1","1"
"1881","0.9948648648648647","0.9948648648648647","0.9948648648648647","1","1","1"
"1883","0.9954054054054053","0.9954054054054053","0.9954054054054053","1","1","1"
"1885","0.9948648648648647","0.9948648648648647","0.9948648648648647","1","1","1"
"1887","0.9956756756756756","0.9956756756756756","0.9956756756756756","1","1","1"
"1889","0.9940540540540537","0.9940540540540537","0.9940540540540537","1","1","1"
"1891","0.9959459459459458","0.9959459459459458","0.9959459459459458","1","1","1"
"1893","0.9948648648648646","0.9948648648648646","0.9948648648648646","1","1","1"
"1895","0.9951351351351347","0.9951351351351347","0.9951351351351347","1","1","1"
"1897","0.9964864864864864","0.9964864864864864","0.9964864864864864","1","1","1"
"1899","0.9956756756756757","0.9956756756756757","0.9956756756756757","1","1","1"
"1901","0.995135135135135","0.995135135135135","0.995135135135135","1","1","1"
"1903","0.9956756756756756","0.9956756756756756","0.9956756756756756","1","1","1"
"1905","0.9940540540540539","0.9940540540540539","0.9940540540540539","1","1","1"
"1907","0.995135135135135","0.995135135135135","0.995135135135135","1","1","1"
"1909","0.9945945945945945","0.9945945945945945","0.9945945945945945","1","1","1"
"1911","0.9951351351351347","0.9951351351351347","0.9951351351351347","1","1","1"
"1913","0.9940540540540541","0.9940540540540541","0.9940540540540541","1","1","1"
"1915","0.9956756756756757","0.9956756756756757","0.9956756756756757","1","1","1"
"1917","0.9940540540540539","0.9940540540540539","0.9940540540540539","1","1","1"
"1919","0.996216216216216","0.996216216216216","0.996216216216216","1","1","1"
"1921","0.995135135135135","0.995135135135135","0.995135135135135","1","1","1"
"1923","0.9937837837837836","0.9937837837837836","0.9937837837837836","1","1","1"
"1925","0.9945945945945945","0.9945945945945945","0.9945945945945945","1","1","1"
"1927","0.9948648648648647","0.9948648648648647","0.9948648648648647","1","1","1"
"1929","0.9945945945945943","0.9945945945945943","0.9945945945945943","1","1","1"
"1931","0.9940540540540539","0.9940540540540539","0.9940540540540539","1","1","1"
"1933","0.9929729729729728","0.9929729729729728","0.9929729729729728","1","1","1"
"1935","0.9945945945945945","0.9945945945945945","0.9945945945945945","1","1","1"
"1937","0.9954054054054053","0.9954054054054053","0.9954054054054053","1","1","1"
"1939","0.9970270270270271","0.9970270270270271","0.9970270270270271","1","1","1"
"1941","0.9932432432432431","0.9932432432432431","0.9932432432432431","1","1","1"
"1943","0.9945945945945943","0.9945945945945943","0.9945945945945943","1","1","1"
"1945","0.9951351351351347","0.9951351351351347","0.9951351351351347","1","1","1"
"1947","0.9948648648648647","0.9948648648648647","0.9948648648648647","1","1","1"
"1949","0.9935135135135132","0.9935135135135132","0.9935135135135132","1","1","1"
"1951","0.9972972972972971","0.9972972972972971","0.9972972972972971","1","1","1"
"1953","0.9948648648648647","0.9948648648648647","0.9948648648648647","1","1","1"
"1955","0.9935135135135132","0.9935135135135132","0.9935135135135132","1","1","1"
"1957","0.9945945945945943","0.9945945945945943","0.9945945945945943","1","1","1"
"1959","0.9943243243243243","0.9943243243243243","0.9943243243243243","1","1","1"
"1961","0.9956756756756756","0.9956756756756756","0.9956756756756756","1","1","1"
"1963","0.9948648648648647","0.9948648648648647","0.9948648648648647","1","1","1"
"1965","0.9943243243243242","0.9943243243243242","0.9943243243243242","1","1","1"
"1967","0.9959459459459457","0.9959459459459457","0.9959459459459457","1","1","1"
"1969","0.9948648648648647","0.9948648648648647","0.9948648648648647","1","1","1"
"1971","0.9943243243243239","0.9943243243243239","0.9943243243243239","1","1","1"
"1973","0.9940540540540539","0.9940540540540539","0.9940540540540539","1","1","1"
"1975","0.9937837837837835","0.9937837837837835","0.9937837837837835","1","1","1"
"1977","0.9964864864864864","0.9964864864864864","0.9964864864864864","1","1","1"
"1979","0.9956756756756752","0.9956756756756752","0.9956756756756752","1","1","1"
"1981","0.9945945945945941","0.9945945945945941","0.9945945945945941","1","1","1"
"1983","0.9951351351351352","0.9951351351351352","0.9951351351351352","1","1","1"
"1985","0.9951351351351347","0.9951351351351347","0.9951351351351347","1","1","1"
"1987","0.9956756756756754","0.9956756756756754","0.9956756756756754","1","1","1"
"1989","0.9956756756756756","0.9956756756756756","0.9956756756756756","1","1","1"
"1991","0.9954054054054053","0.9954054054054053","0.9954054054054053","1","1","1"
"1993","0.9948648648648647","0.9948648648648647","0.9948648648648647","1","1","1"
"1995","0.996216216216216","0.996216216216216","0.996216216216216","1","1","1"
"1997","0.9945945945945943","0.9945945945945943","0.9945945945945943","1","1","1"
"1999","0.9948648648648647","0.9948648648648647","0.9948648648648647","1","1","1"